Date;Ruas A;Ruas B;Ruas C;Ruas D;Ruas E;Ruas F;Ruas G;Ruas H;Ruas I;Ruas J;Ruas H_1;Ruas Z
01-Jan-20;23129;39373;9477;10100;27992;48568;36069;10719;4875;46530;6654;26597
02-Jan-20;253;17234;19161;20322;31237;14759;39039;28614;25966;8914;37507;29356
03-Jan-20;38591;8294;8864;38533;23474;47118;22863;26433;4961;8602;23427;33828
04-Jan-20;35093;13411;15540;8049;5469;39669;38962;45765;24588;44001;30840;16003
05-Jan-20;27135;36892;32646;25426;44899;24744;7055;30690;2740;13753;48240;40276
06-Jan-20;10882;33945;4311;39150;32190;47907;3540;25777;48345;30383;4609;8162
07-Jan-20;2938;22778;6489;42957;10170;38126;20304;9967;31107;11996;46169;20261
08-Jan-20;12120;2479;2580;38132;6609;439;39594;6188;28171;31698;1589;40016
09-Jan-20;35176;38751;5488;38299;32990;5426;25201;49844;20947;5091;22917;4404
10-Jan-20;20044;12350;472;16419;26843;22926;36038;7923;45109;20591;49612;2684
11-Jan-20;29962;1680;39482;26391;13146;44093;47610;39935;38928;4864;48071;25805
12-Jan-20;38576;49812;8537;29445;9253;39201;11794;29961;5558;14131;9890;44365
13-Jan-20;29426;3560;31233;38779;48104;25567;8706;27079;11999;14677;3242;6365
14-Jan-20;13772;31476;10133;43526;36672;10798;44833;17208;27476;34060;49032;26291
15-Jan-20;21538;47192;21633;40532;3667;18149;872;33111;44805;16657;37653;5770
16-Jan-20;16679;45321;3007;45992;9155;34317;29446;18985;46475;49116;33351;999
17-Jan-20;25753;25976;9017;40554;45827;48684;27066;14690;45809;21114;31033;43447
18-Jan-20;32621;40476;314;31815;22981;33284;48085;19484;5815;25367;31674;48362
19-Jan-20;25455;43784;10785;47125;47266;47708;42954;3221;49967;33444;46278;31564
20-Jan-20;3369;7050;5906;17515;31999;31068;2696;42316;27909;37667;29765;28572
21-Jan-20;3282;8672;13663;13035;19891;11106;49850;7395;35533;34716;40582;7520
22-Jan-20;39229;21012;7096;12288;11253;7169;21737;35728;32442;46005;23373;44318
23-Jan-20;15855;33174;7559;21323;21907;3874;5458;42129;18333;10863;4956;34658
24-Jan-20;27102;1629;16987;34520;48068;28402;14168;18983;46;8766;28941;28189
25-Jan-20;11114;44953;30251;31160;34529;28112;19522;30101;27858;5429;30954;33101
26-Jan-20;15354;39813;15630;36309;26212;29798;7086;11050;44800;26510;2777;47443
27-Jan-20;28684;43350;9607;45075;27406;4116;25678;31623;8651;28865;33788;9504
28-Jan-20;48824;23137;1259;946;43586;25402;22527;20017;22317;32160;3399;24366
29-Jan-20;35135;28535;44567;18113;36093;42829;14877;3921;18302;46343;12551;2470
30-Jan-20;26874;2704;34056;32902;21688;20508;33332;7930;36368;42166;14582;36250
31-Jan-20;8050;3028;16836;47384;41046;4331;3839;16031;7275;22926;4011;27721
01-Feb-20;20513;49671;8069;3297;38235;11597;21184;46112;45077;15017;39505;28627
02-Feb-20;41663;45442;5075;49192;25970;8266;32431;8225;48836;21844;940;49999
03-Feb-20;41574;47419;43761;18551;1536;45312;1697;8525;37785;26672;46114;14589
04-Feb-20;33071;45253;25458;19339;2149;14242;44329;43590;19314;902;12909;9916
05-Feb-20;12832;15506;25372;36725;25715;44542;41406;7533;43199;28308;7712;19740
06-Feb-20;2777;11426;37538;9351;3518;1121;5253;40932;35167;48760;28831;42642
07-Feb-20;2229;33650;15269;20966;38167;23709;2316;14699;38097;42712;12992;32077
08-Feb-20;29176;29042;40299;13386;25451;29832;44277;35664;46351;49841;18829;40381
09-Feb-20;8771;28071;9871;9099;27465;31255;2194;34272;23510;45502;15787;22169
10-Feb-20;32446;10019;41419;33702;41730;36549;41597;312;36951;1169;819;18709
11-Feb-20;41288;20376;39987;6909;37361;42702;2252;15876;8423;6903;15101;42774
12-Feb-20;48186;4844;20087;10859;68;8463;25793;26037;21997;30114;44592;49795
13-Feb-20;37440;3915;10453;20182;2462;27855;6215;165;29661;40298;40037;2512
14-Feb-20;5521;30878;22852;36725;39793;23279;36109;1362;24957;21581;11753;26229
15-Feb-20;44606;37413;10602;39319;9469;1161;44497;21045;18107;45113;27108;25254
16-Feb-20;26448;10651;2860;38866;16884;22166;14600;22883;31463;10079;14565;13231
17-Feb-20;16525;22579;9010;7551;21634;24707;44618;10718;741;47981;2448;21441
18-Feb-20;7858;49944;1168;37961;16026;1792;49417;48079;28721;41226;29994;21466
19-Feb-20;15287;42130;13586;19746;47796;3453;2509;49514;18160;37497;25754;19743
20-Feb-20;36919;41838;12070;7181;28030;33619;17491;35266;23909;17825;600;17304
21-Feb-20;21251;2885;9359;22730;7745;165;17609;46563;46406;43865;47468;42658
22-Feb-20;34188;5868;34922;43552;35360;1011;35195;26707;31769;44398;7436;2421
23-Feb-20;37735;30854;22902;28375;46051;23891;7600;36533;7991;19273;39710;36610
24-Feb-20;16717;35425;6121;43328;38103;39961;5244;6558;762;42921;11933;46135
25-Feb-20;21955;22817;28149;9673;22083;14828;22850;12895;32320;47239;17844;46593
26-Feb-20;664;46523;43678;5323;40984;38276;11716;16606;2312;25152;25518;21273
27-Feb-20;33851;4695;34802;11819;5416;40977;1547;29191;32021;18041;35263;11665
28-Feb-20;27511;41560;40898;5126;9779;11302;33770;40975;26991;4395;36806;28276
29-Feb-20;23174;6038;47898;19509;26064;31490;43563;46764;48254;9565;29971;37008
01-Mar-20;20934;15899;34818;23159;143;34274;44197;49815;44710;8571;11506;21428
02-Mar-20;21140;11894;21318;35642;44491;37389;49608;34339;2254;45197;46550;24644
03-Mar-20;31499;31275;39260;32213;6768;4454;44388;8367;460;21563;31764;3568
04-Mar-20;36581;11794;3302;7622;44701;33511;49418;5914;36437;12275;23409;30223
05-Mar-20;40142;41030;37769;38101;24404;28097;35775;41191;27883;25362;24020;17407
06-Mar-20;13165;29943;42699;541;7875;25781;43856;17825;34098;18695;17358;48251
07-Mar-20;35218;22278;37547;11833;13586;5116;5842;23115;2910;10467;38701;1054
08-Mar-20;23768;49268;26191;35406;8205;35636;16962;22533;38738;41827;27201;40515
09-Mar-20;7066;27628;27527;2503;12746;49881;48299;40756;29653;22740;19401;9773
10-Mar-20;20581;21686;35611;22091;45557;15465;39804;4823;48688;11651;32833;44243
11-Mar-20;11295;17016;30988;22587;49884;47503;24151;26901;25072;26800;2754;5297
12-Mar-20;25322;14637;6623;35431;24684;22286;30500;1406;6676;13761;35631;28070
13-Mar-20;47546;24265;46564;46601;18668;499;40000;34144;43826;32785;8545;45207
14-Mar-20;18947;35192;41475;48308;13374;27827;45130;9992;20945;45200;45963;19927
15-Mar-20;26743;24189;3027;643;9751;13106;30219;38597;17952;3520;12066;45203
16-Mar-20;22731;39552;23991;30824;9387;43035;21458;46490;14846;26673;43455;33603
17-Mar-20;30868;42818;14995;44144;1090;21076;14043;28945;41073;40760;16577;43430
18-Mar-20;49428;6130;40936;43665;38969;35973;29220;35616;42990;1164;5705;41743
19-Mar-20;5345;5371;31600;14771;3773;3823;16190;20682;34077;41771;48986;14362
20-Mar-20;2954;12643;38094;46026;8244;24580;34667;45928;589;1772;2147;4053
21-Mar-20;40559;1060;43816;26389;28821;9342;6154;38607;24851;10909;21591;9719
22-Mar-20;37197;30775;4976;41712;31002;1033;4226;49841;42162;18975;19801;17203
23-Mar-20;5165;26458;43140;28231;25575;34804;1470;13118;36671;11257;48029;9545
24-Mar-20;39757;36082;11564;14447;31830;44119;48596;4796;43542;32764;35428;9004
25-Mar-20;4491;37203;39057;48477;10703;29888;23134;22482;26266;3759;25928;30537
26-Mar-20;26374;37918;16789;5469;1710;22358;1315;13021;49712;34040;2883;37878
27-Mar-20;22808;46084;3388;22082;200;24498;26942;10770;16600;15871;31554;1766
28-Mar-20;28223;3993;29067;47437;45583;18851;2201;43249;17733;27615;15811;31269
29-Mar-20;11285;39650;4581;16777;49885;39694;21883;37917;39608;25071;25067;17207
30-Mar-20;7048;32548;16264;3003;43985;27345;40332;24152;45309;15377;29748;35626
31-Mar-20;6887;11369;4226;4641;15408;44511;27997;15496;21580;30084;16655;43717
01-Apr-20;13601;25823;32724;9357;39983;46241;40368;5914;29739;49165;46995;28895
02-Apr-20;10321;32515;28026;34146;38765;26915;33278;4420;39532;42947;23460;39788
03-Apr-20;36404;13184;23114;2341;39939;3674;11889;33430;17635;44836;9573;11673
04-Apr-20;9664;3704;9173;12867;39680;19299;15620;32202;18039;6330;21766;44664
05-Apr-20;11652;32527;32675;8405;45332;48107;5511;38969;13981;40194;36687;35845
06-Apr-20;44279;45974;27245;43039;23874;39607;37700;39774;32872;44161;12735;40406
07-Apr-20;49170;47260;9566;14554;27803;1787;39718;49801;33854;29214;4983;4692
08-Apr-20;43171;18379;25577;19162;46357;43976;45531;21789;47811;46892;10084;27875
09-Apr-20;10148;4023;406;38556;41130;21271;48166;31524;39563;2420;3668;11249
10-Apr-20;21380;10891;11510;42560;1655;36267;36373;41461;33549;45378;25717;23528
11-Apr-20;43132;41883;35956;34598;17575;44771;3472;862;45654;3851;17055;33286
12-Apr-20;669;27353;40516;4474;4095;40873;22411;42275;23915;554;15553;1402
13-Apr-23;8568;24712;15439;18577;31504;43365;6912;41743;31654;1832;15026;25835
14-Apr-23;48912;31507;40301;26539;47082;2444;19579;46358;4612;47575;9557;12196
15-Apr-23;40901;47709;36649;25301;1101;24013;28831;26598;30955;8587;7718;7712
16-Apr-23;3113;2201;16215;49634;42631;395;33968;45369;33408;6260;20316;43857
17-Apr-23;17100;36924;1227;11144;3564;28668;4079;16768;44449;47973;4218;23163
18-Apr-23;20802;838;35984;23518;29071;16037;25709;17084;26657;8162;19934;31935
19-Apr-23;26205;24760;43959;49038;42489;16168;40114;35915;31547;23514;10898;47039
20-Apr-23;47668;19737;36337;20087;19659;16235;13085;17642;26405;36326;1641;36619
21-Apr-23;18316;44735;12686;12746;29190;11979;27249;4033;42716;36878;39271;4026
22-Apr-23;23666;11359;26520;13053;45547;30500;29913;9910;17859;27490;35323;12893
23-Apr-23;21085;33991;15349;7818;11682;4763;23909;48227;24595;4761;33147;39837
24-Apr-23;24509;22129;12874;35178;10494;19487;28140;13881;21914;355;20936;9853
25-Apr-23;19587;5377;15697;2402;7266;15742;39410;24543;40060;22675;21266;49842
26-Apr-23;10050;27069;49423;47341;25167;47671;38510;7312;41220;43205;21226;2044
27-Apr-23;3415;43162;6127;17940;1199;5851;26399;39886;20474;36507;26804;7893
28-Apr-23;1210;37969;37468;22236;16938;2007;12424;44596;32704;47269;11256;44545
29-Apr-23;23542;30452;16409;27853;5498;14646;8261;18679;18880;30598;477;31119
30-Apr-23;30508;4538;17973;21705;28084;16887;20041;24811;24324;21661;17340;16045
01-Mei-23;18026;4;27535;36170;14150;8745;4954;30044;24606;4784;39882;15148
02-Mei-23;49808;17944;20227;7596;14473;29495;9275;44879;47252;5592;6509;36321
03-Mei-23;42281;45826;34019;20942;2865;6681;25389;44461;5970;7583;4118;4828
04-Mei-23;36272;13147;30142;14385;30771;10459;23724;28322;49293;16072;48687;38855
05-Mei-23;21643;30055;4159;32957;15781;49641;4927;29581;49391;46579;487;28473
06-Mei-23;45326;3248;29712;34055;49775;36727;43317;38185;18908;18362;17425;43368
07-Mei-23;10516;49416;21794;30072;2939;29066;31827;6560;2239;40486;35878;37116
08-Mei-23;38586;14491;25639;39047;14494;2399;49673;18305;40445;8868;36149;43711
09-Mei-23;9973;2884;3761;49741;34974;5060;41101;8186;1574;34602;8252;9870
10-Mei-23;45357;47881;16566;13721;12937;10762;45137;25022;29511;5562;13235;45276
11-Mei-23;46146;11641;46670;44624;30611;30446;47022;44019;44385;16288;26643;48777
12-Mei-23;49154;4775;40831;8121;13333;22231;29758;30942;38845;21712;4389;19392
13-Mei-23;33836;1210;46572;46607;24628;7225;3673;30402;42811;45346;14304;35559
14-Mei-23;37102;18022;85;25707;4747;47837;49096;27733;29432;27393;1036;27768
15-Mei-23;25528;29690;39787;45853;39257;47062;49429;7047;3868;35891;12617;30779
16-Mei-23;7081;11126;5556;37579;2036;38185;33175;21214;9235;40231;4009;12594
17-Mei-23;48054;1643;33320;30596;22706;23816;19150;40609;36605;27212;46438;41705
18-Mei-23;25737;34807;28440;42280;23853;20281;22423;40400;32525;34007;45329;37688
19-Mei-23;16252;43071;23797;18647;8633;9046;14944;39905;42325;29510;41799;49403
20-Mei-23;27943;21933;20212;6184;45830;49923;1275;26270;4262;35850;14398;35816
21-Mei-23;34527;27233;22573;26249;12610;25042;2555;36096;22576;778;34290;43154
22-Mei-23;18346;29715;23457;32469;26839;49993;11497;24591;34693;15639;42521;2892
23-Mei-23;40232;27370;42559;48111;42527;44737;19976;48800;48950;4292;8552;28036
24-Mei-23;20481;4030;45306;967;19788;23791;9845;45456;1341;6145;23013;28553
25-Mei-23;37162;1769;30232;49013;45228;43777;15288;1934;40381;32923;31360;30033
26-Mei-23;9359;47916;47615;30709;16694;5202;15659;15324;18089;21792;27982;2270
27-Mei-23;42585;46689;27118;46238;8678;24094;4234;1629;10338;94;27859;42525
28-Mei-23;36094;36954;23286;30885;39441;8044;2709;48412;32497;26989;4066;34165
29-Mei-23;8302;42988;30174;34403;30514;46181;30339;159;23274;18315;6821;40552
30-Mei-23;22059;11199;6869;37095;35903;45891;41921;29335;11254;30220;8565;23807
31-Mei-23;37408;45510;49762;6761;35911;24589;24211;23426;42636;25889;3437;42889
01-Jun-23;29484;9777;10673;48967;1824;43397;43349;45162;36730;45373;14990;47481
02-Jun-23;33746;12405;8040;14934;41467;9919;17738;32061;1393;32697;3757;4349
03-Jun-23;38333;1693;7553;40259;28972;1271;6737;42354;692;33028;30254;6181
04-Jun-23;5771;42064;46321;27993;34985;47758;16405;38709;16772;25085;33398;25762
05-Jun-23;26891;7029;23805;1179;6379;48252;48348;2526;29220;40898;47568;25510
06-Jun-23;22846;42739;28031;6359;24982;7557;12320;5764;36806;29186;25686;1756
07-Jun-23;30826;8999;49251;36675;3515;11588;682;8074;1087;43862;48613;23341
08-Jun-23;11786;39708;45365;24;4936;19284;16024;40375;23683;33081;41303;5497
09-Jun-23;40082;42514;31144;19832;39896;26329;5258;30831;25444;47978;23475;46816
10-Jun-23;4750;5752;295;28466;46154;37931;3022;26200;12934;15957;25455;42749
11-Jun-23;1955;22443;10789;18334;29214;40734;11440;12910;18255;44654;17893;30278
12-Jun-23;29238;15658;43214;29133;39495;23974;20967;18506;26126;46625;43029;24346
13-Jun-23;41752;20121;36636;34043;16185;12258;35712;1947;7309;32029;47131;3754
14-Jun-23;49262;31367;42791;31998;30423;37453;32876;10197;43486;2041;30732;11416
15-Jun-23;14353;17556;41135;36884;43221;34358;11079;8406;30872;43414;48870;1152
16-Jun-23;23283;35620;40410;10049;559;12537;450;44070;242;47922;12060;22949
17-Jun-23;17282;17105;29834;20950;29929;19108;18839;39380;10232;23302;4424;29487
18-Jun-23;29988;3688;13307;22459;40278;47110;22453;36494;1006;22384;3529;35310
19-Jun-23;43495;49906;44041;32642;11183;20375;10364;24308;5486;47307;38627;20323
20-Jun-23;37352;43193;34011;43992;46954;39190;4838;21855;35858;25209;26360;9745
21-Jun-23;46762;48425;34006;15463;12284;3475;22684;43062;13267;34806;382;31670
22-Jun-23;20725;44879;37883;13497;43936;12519;20160;29734;40834;21890;31306;14582
23-Jun-23;43344;38932;45814;21180;38626;3217;46320;41935;25062;18150;24725;47730
24-Jun-23;49909;32127;45821;37469;1219;29700;47186;11677;42375;27018;13575;32763
25-Jun-23;46423;29909;18780;11771;14173;38350;704;28536;45537;17517;26591;34497
26-Jun-23;10618;11538;6704;1574;5588;40067;23674;16086;16104;1789;37887;12960
27-Jun-23;16486;10863;33331;15596;46547;12039;5121;12714;18107;20237;26171;10362
28-Jun-23;2639;47251;27045;39726;22358;4123;23122;45257;47036;28745;28132;17080
29-Jun-23;25119;1762;27977;20047;25757;22306;37450;24460;1938;19183;27092;35897
30-Jun-20;3689;41964;45177;49997;16002;39454;29095;27769;27201;45901;31665;45422
01-Jul-20;43751;5311;12588;19801;22759;20213;4981;40407;7810;8968;39443;22689
02-Jul-20;17744;42382;16586;15795;28422;32451;2844;17883;17263;39242;44846;20297
03-Jul-20;42036;15228;24692;10290;13049;5879;8066;23143;4106;7362;3517;29429
04-Jul-20;15849;35166;32156;1899;28145;48873;22975;40383;17418;49719;8210;48028
05-Jul-20;26959;25439;25515;45439;2013;37678;575;33069;9545;9792;30368;34810
06-Jul-20;48188;21070;39770;37035;34134;14386;37187;1371;3893;7275;604;2384
07-Jul-20;1874;24970;22299;17145;28465;2067;28437;22989;24788;30739;11425;42447
08-Jul-20;2996;21740;5710;1165;26508;3023;3274;34819;36772;38233;19523;37342
09-Jul-20;46661;14212;13389;45421;14239;42489;46228;35686;36281;21086;36588;29336
10-Jul-20;17316;6915;18923;33784;47258;37282;3148;4581;20363;46763;23749;2591
11-Jul-20;43209;455;20641;28648;28694;7523;36241;9328;38989;5567;14785;48634
12-Jul-20;30806;30561;6305;41856;35645;6678;15634;49873;40829;8879;25983;48850
13-Jul-20;13868;36924;3697;20108;1406;42370;2830;21213;32596;37772;24507;28714
14-Jul-20;31340;13149;19842;7552;37862;22580;15521;29980;7875;328;30668;48626
15-Jul-20;12838;24598;4670;21336;41015;16843;17562;8103;17981;42804;43484;35676
16-Jul-20;27479;40402;5651;47527;3796;34147;6167;33880;44351;49475;43167;10083
17-Jul-20;11193;48909;3732;10138;44459;16435;45286;34128;33407;27145;46830;12160
18-Jul-20;21695;12109;33226;17246;40052;40236;24249;7110;30066;32224;17070;44325
19-Jul-20;29313;8516;10789;8778;26835;1993;26344;22089;40216;37040;3716;9445
20-Jul-20;17240;16868;32669;35296;36516;408;35825;35143;19027;702;34461;33807
21-Jul-20;47884;46515;19899;29128;13661;47429;3500;10123;8815;26396;32812;27935
22-Jul-20;23945;22988;34961;30845;8091;26149;7676;13639;11425;49594;38992;47481
23-Jul-20;20607;47390;41828;45084;1211;33350;47025;2366;48229;8761;18205;9202
24-Jul-20;22636;34689;5797;43530;25474;12854;37478;29663;19894;9397;19043;14852
25-Jul-21;26575;17049;2977;3850;35515;26432;35619;4829;5829;27096;23788;26340
26-Jul-20;26929;47887;33464;29600;40437;15004;26470;18188;5204;40219;15685;16437
27-Jul-20;21550;32711;26026;1488;21771;26970;6551;21115;30969;2901;33000;13120
28-Jul-20;1538;28605;22565;4250;36015;47254;4712;1580;48934;45304;128;2757
29-Jul-20;13810;13721;2066;48450;43460;8880;14875;6132;45439;6507;17000;10716
30-Jul-20;21615;15369;15837;45870;40486;17593;7742;12642;41805;41327;48045;40197
31-Jul-20;14896;14222;11263;1710;7780;1206;41032;12772;34014;32588;19509;33487
01-Agu-20;17143;4990;38707;35098;47539;23532;29643;47216;36823;39912;29005;35117
02-Agu-20;9966;38355;7662;23237;34229;44881;11356;43214;5497;15607;21736;38693
03-Agu-20;24697;1724;16529;1832;7202;19179;21068;39619;631;34750;565;721
04-Agu-20;26862;26172;22844;31510;30962;8217;25300;31933;22795;3066;5179;24372
05-Agu-20;49497;28533;10891;34345;34388;39631;11689;30219;29301;12766;46300;5828
06-Agu-20;2111;36135;44463;219;7783;45812;9588;49490;6480;3303;48013;30268
07-Agu-20;49049;39177;14952;21986;40354;35640;27766;12877;1400;12981;2733;32728
08-Agu-20;13220;28846;33787;13204;2304;31689;6459;3892;34009;47287;49937;10034
09-Agu-20;26057;22768;7467;44329;12143;19062;8649;11939;37210;35298;39394;32683
10-Agu-20;30031;10170;39221;28347;40105;47407;22417;17480;30945;9407;39875;29929
11-Agu-20;10420;44502;29037;39137;35785;33849;27808;17268;44486;32795;46565;3261
12-Agu-20;13079;22761;35285;12102;18957;23345;259;3344;34716;36975;4236;9612
13-Agu-20;39735;15025;28187;5129;32790;21486;27550;47197;48260;33965;21502;16397
14-Agu-20;34710;3985;41220;4166;9668;49367;19268;9000;46946;49878;25493;45154
15-Agu-20;18315;9449;39874;19232;32488;38132;19090;28986;2889;23407;12300;30938
16-Agu-20;30553;3582;46764;31803;38421;47608;41383;17126;4597;10864;23249;36388
17-Agu-20;7089;2959;27182;26063;24578;48900;42704;38496;41612;19820;2292;34681
18-Agu-20;19493;42789;26362;5805;21068;486;8771;20498;14786;20305;49071;35606
19-Agu-20;6330;1089;46857;45460;23974;33012;30859;38005;6410;696;36183;5157
20-Agu-20;11322;15798;26822;33774;25506;22345;11459;377;38249;30316;790;8470
21-Agu-20;27902;32560;42807;27876;23141;514;40194;45334;5118;48198;14903;44536
22-Agu-20;47528;16929;2240;32370;32094;3750;30487;24009;2221;14782;22266;44975
23-Agu-20;22345;46300;45412;30714;33352;38619;15692;7799;41958;17004;4585;24778
24-Agu-20;6081;18476;48231;19471;3673;26200;38269;14792;10970;14612;2148;16382
25-Agu-20;7562;45148;20125;33939;14986;28775;1167;14879;4106;37097;29405;38577
26-Agu-20;16527;42162;24188;12468;34047;32893;4417;6271;38611;46980;20112;31482
27-Agu-20;24300;20309;9477;37545;34445;2785;16150;9125;45634;4078;32466;22690
28-Agu-20;27447;41783;23449;15756;27598;4897;25836;4167;1720;34496;18278;39277
29-Agu-20;39061;24026;48954;43831;35522;33099;42633;46881;37751;9402;32409;37398
30-Agu-20;3130;38683;47089;4391;46986;21396;3406;19;40452;4942;9569;32108
31-Agu-20;13278;1373;3887;29828;48904;13852;9964;18504;19354;47271;46615;36236
01-Sep-20;24132;42722;25087;14776;47240;21837;24270;23073;22301;42190;45250;5798
02-Sep-20;8817;29215;5650;32564;7387;30570;40627;38901;5049;35830;43658;29851
03-Sep-20;7008;31132;32853;6185;43069;37710;22314;10602;3015;1972;18745;3163
04-Sep-20;43877;25954;10959;39151;24164;18021;49578;43523;10725;24165;13297;20743
05-Sep-20;22473;39431;18013;33791;42710;21151;15953;25520;26691;45011;23127;22816
06-Sep-20;4359;8641;49726;3735;38546;29130;48200;41034;11132;35470;29175;5119
07-Sep-20;17002;6297;35003;38168;25766;39048;16396;35262;6576;26982;21704;14408
08-Sep-20;7635;3727;22745;44453;31961;39272;32226;28553;18792;3069;47030;29436
09-Sep-20;40977;14955;25476;28481;34763;42475;49872;13886;40897;6797;41408;28329
10-Sep-20;3341;23970;19649;31861;44298;23339;27509;14558;25920;2117;31164;43546
11-Sep-20;11193;15925;32969;30643;18377;28227;31983;34585;1473;21389;35971;38018
12-Sep-20;46743;15522;48482;49921;6903;37020;22316;30354;13023;39138;30139;19502
13-Sep-20;25296;10059;3032;45281;9656;5634;15350;17316;46696;3431;6819;31735
14-Sep-20;49542;3514;35543;36240;41227;49061;42664;18159;46048;40031;33448;5036
15-Sep-20;37056;30938;23378;800;29998;47358;42270;34186;44811;29140;33319;31254
16-Sep-20;9752;32027;13707;29890;23931;15616;25192;29141;20843;6571;5618;40344
17-Sep-20;33602;19800;7646;38331;30160;1909;24959;38306;16378;11317;3954;13995
18-Sep-20;48310;39673;27907;5447;12062;47696;14721;19495;39923;41042;9745;20801
19-Sep-20;41898;29010;33976;45248;21332;34242;13624;23940;6715;49319;23961;33484
20-Sep-20;13409;29719;41631;23919;40618;46128;44462;20297;47893;16930;24399;35541
21-Sep-20;18200;15385;35351;45185;36938;2157;28035;3879;20964;31346;27342;23638
22-Sep-20;42666;10371;37801;24376;34747;12460;29676;43319;10860;49876;29223;40574
23-Sep-20;38475;17536;20142;15393;40287;28777;25527;17026;18382;1558;16674;30608
24-Sep-23;45743;11180;29064;31157;31582;26474;47099;7567;24826;44640;839;48540
25-Sep-23;12024;26695;69;20329;12401;27808;18530;27694;49744;41045;25647;8370
26-Sep-23;48941;19115;21102;19518;49617;21455;24679;7437;23032;22890;25908;2984
27-Sep-23;28396;22746;5832;39891;47949;12037;11902;27548;19517;43797;36931;28940
28-Sep-23;48709;34804;14917;28276;12942;13548;8282;48308;3134;13350;27046;11660
29-Sep-23;21717;46989;4966;40317;11173;42250;13181;28770;28791;36497;34992;6892
30-Sep-23;25384;6319;9829;9701;35318;7155;19802;33516;46811;29845;33567;40734
01-Okt-23;28900;25803;19510;3042;23685;15554;13783;3518;43401;4377;5700;15446
02-Okt-23;44700;40333;6002;7792;21230;5943;24421;43426;13896;41860;22317;8093
03-Okt-23;22757;38990;40908;29527;4837;40513;12371;18971;29312;42599;5555;25195
04-Okt-23;25582;43395;29344;10901;3315;23479;37374;4566;19050;24198;38526;12919
05-Okt-23;33848;40629;47510;13785;4691;41157;48643;32352;23897;25007;3047;11147
06-Okt-23;28244;33182;31292;32780;8550;36147;29277;2324;5246;14962;25165;44255
07-Okt-23;13750;9406;44419;35012;35667;49260;13722;36302;35405;41283;40165;16464
08-Okt-23;46536;10751;33577;38213;35308;26752;40906;12771;35973;30418;16566;25206
09-Okt-23;512;17821;45208;31902;48185;36845;36772;19331;46065;24499;18819;8779
10-Okt-23;29383;12421;28830;16074;891;41022;13419;24101;12767;1084;24531;43144
11-Okt-23;36473;13151;42516;26640;16000;25436;6540;16951;34838;20641;31654;24
12-Okt-23;11785;33334;19902;39611;22823;27091;19785;42013;44247;5607;25946;143
13-Okt-23;29295;16618;12032;25913;5896;24769;36960;2070;42045;39984;11488;45139
14-Okt-23;13037;46385;16085;19454;36240;5683;24395;12601;843;36067;37738;5854
15-Okt-23;10676;20546;39113;15732;38564;33933;12476;17655;38076;16710;20757;26401
16-Okt-23;28722;3513;6132;35114;19068;32097;32093;21462;10011;30122;25789;46044
17-Okt-23;1863;36398;49385;30569;47171;47970;41932;30883;6272;20596;28910;10953
18-Okt-23;27739;39841;14993;1524;7432;10056;28424;6414;263;21371;1726;38184
19-Okt-23;19107;10322;47864;22965;42597;37892;29239;46708;323;23914;29647;8595
20-Okt-23;31384;24905;31595;14344;33168;13406;28659;33356;2892;39344;9447;12578
21-Okt-23;37524;9283;27784;14016;24386;27840;39555;29911;3048;23141;38716;12963
22-Okt-23;10829;35273;32912;44549;14767;49002;46099;21087;13674;25591;48486;24180
23-Okt-23;24911;6548;22149;39527;11111;2464;31381;49374;33181;7282;42614;38454
24-Okt-23;44670;49120;29543;44337;40173;46572;49430;22720;43684;40406;21507;3844
25-Okt-23;23442;11814;43343;35621;20206;34579;20046;41764;31962;20071;38469;3003
26-Okt-23;21707;46598;41734;27728;32379;19218;38965;44943;6789;15100;37214;9639
27-Okt-23;30940;11019;28433;33037;21076;16180;36618;4298;4958;29100;20902;10209
28-Okt-23;26409;22740;35811;6348;22721;6327;42009;18073;24085;7821;23400;30542
29-Okt-23;9448;2004;7357;30540;13503;7327;1280;46511;41741;20870;41542;44489
30-Okt-23;8441;31678;7806;3712;17736;39528;37028;17290;37019;39415;7678;16746
31-Okt-23;38079;1029;106;6696;9469;38127;36614;40774;33072;42902;8166;15535
01-Nov-23;48815;3040;43933;47023;49038;26078;9828;28622;8642;13900;11227;23469
02-Nov-23;14759;41233;45465;25827;48354;40293;34673;45175;31571;39109;26974;42203
03-Nov-23;18176;47937;10371;5004;33622;42664;29981;29310;34050;22409;24560;44764
04-Nov-23;32531;31664;19181;4160;12735;25567;13819;22384;3439;20520;32748;12779
05-Nov-23;22292;16684;5106;5180;36669;28796;48717;49028;42395;48606;18331;4521
06-Nov-23;46251;44308;47268;32983;12015;38969;28567;39327;1024;46218;12537;29924
07-Nov-23;13422;30779;46810;37549;44462;26532;34877;8121;33773;43952;8868;29711
08-Nov-23;30512;25777;33469;34001;5184;48121;1974;34450;35012;22148;39790;23897
09-Nov-23;15344;39481;178;9305;42079;19870;10167;48872;15196;19554;40281;30165
10-Nov-23;3786;43168;5575;15390;22605;33839;15030;26685;43759;43957;32395;9407
11-Nov-23;39746;38933;12039;27980;13606;22876;26711;32719;36634;31699;40736;32293
12-Nov-23;47718;15377;35175;3676;9698;10368;45947;46784;21839;2164;48326;8330
13-Nov-23;34756;5374;2633;4256;11335;28296;45761;35456;22659;19212;34007;306
14-Nov-23;24868;28846;46308;46603;45143;19048;7969;1149;9888;37825;45386;45943
15-Nov-23;35410;31641;1322;13801;14244;21217;24717;18142;39792;9102;45342;44024
16-Nov-23;29656;42108;22425;29363;40359;49864;23699;22702;42855;37723;34603;25088
17-Nov-20;48711;45433;19554;38025;23593;9429;25436;21879;48454;34305;33791;23516
18-Nov-20;28996;45086;10884;22399;46337;46094;18879;49942;36319;31948;19627;6624
19-Nov-20;30784;29341;22873;3121;43531;39608;34795;23395;45710;46867;15144;24875
20-Nov-20;46751;41880;33407;28884;30711;8187;32342;34855;47332;22576;35478;38916
21-Nov-20;45274;29475;16510;34432;19714;11539;6616;32398;15053;44414;39779;37823
22-Nov-20;9930;43636;10708;33094;47850;523;34497;30624;14838;22337;23023;48755
23-Nov-20;3543;19277;19358;31473;11281;32632;32113;24169;10222;5432;13496;3598
24-Nov-20;38263;43306;25758;3361;20527;8441;42641;45264;7580;28970;45991;19357
25-Nov-20;22455;49193;44311;312;45715;38643;40708;19313;28075;3673;23010;38470
26-Nov-20;30307;35412;45701;5094;17876;38785;37988;9706;12350;18294;41728;32210
27-Nov-20;2960;21899;7728;17097;46994;18981;11361;34493;22424;31242;9548;38952
28-Nov-20;16566;17774;38004;26471;43113;43746;35897;28395;13858;32143;4106;8170
29-Nov-20;45331;4336;9253;48029;9180;2189;43411;46331;8085;18332;20318;47344
30-Nov-20;48085;2629;14003;43007;5347;45546;40395;33170;25040;48861;25817;33836
01-Des-20;1986;17680;29998;34670;15500;27196;31657;32623;21768;35248;8194;1879
02-Des-20;19314;43468;25610;46334;15424;21164;32084;15811;975;11709;31540;34113
03-Des-20;39247;15464;40506;13019;36026;37081;23843;39249;42810;37670;18990;24484
04-Des-20;39235;42581;18466;39927;23694;25176;41560;323;4721;13846;46880;33918
05-Des-20;12656;22797;24350;32920;48077;9026;30726;27357;13423;10904;28481;46083
06-Des-20;43261;30364;346;49839;22287;14674;15871;48801;1128;891;14991;10184
07-Des-20;39830;2426;19838;43818;43738;24619;38759;3677;4977;4427;41367;9172
08-Des-20;38234;32067;29980;16383;9065;42239;8972;34963;5280;22638;7736;13520
09-Des-20;36551;25457;20533;35549;46573;42020;24848;1720;32707;27281;45301;7952
10-Des-20;14206;41774;23996;3458;15556;41044;41941;31042;47762;2968;41010;8116
11-Des-20;18238;40471;49936;17836;19620;37882;47552;9671;41004;28012;5993;3609
12-Des-20;38904;3402;33929;18955;4332;12622;33360;48118;38483;35551;3170;28383
13-Des-20;21975;39425;46357;28869;44948;26165;49534;37914;13366;10134;41988;33169
14-Des-20;12728;48088;49504;45362;35908;44208;25942;2007;2648;34140;49536;37287
15-Des-20;28216;9614;12920;43446;9063;38765;44461;4236;28888;9141;19632;23885
16-Des-20;22726;22294;25794;26426;24344;12696;13885;24436;19112;29025;31575;39298
17-Des-20;42300;41336;33659;6607;44967;47349;17114;3317;19062;48884;23562;40506
18-Des-20;37472;14208;29667;4978;11369;26503;37415;38830;39348;2283;24044;49608
19-Des-20;3881;14976;34793;16260;15006;5999;39454;13516;12372;40492;35064;32507
20-Des-20;11070;6124;41344;16124;39283;14877;46105;29685;20649;9879;17163;5725
21-Des-20;48490;46383;6397;49665;27476;27084;22685;9414;24830;23058;27084;20180
22-Des-20;21376;17504;23556;41152;19420;10761;1192;17545;20008;3450;7091;44005
23-Des-20;41520;8745;4055;24991;14232;12726;9770;36721;25641;28861;37108;8398
24-Des-20;47392;9015;44726;9901;18773;16734;23678;38599;23419;34793;47644;43470
25-Des-20;38635;30236;610;8057;48045;6783;6854;39692;5685;36709;45099;40988
26-Des-20;10452;17341;11306;12749;45692;41142;8728;32698;25801;16810;19862;37061
27-Des-20;41504;6282;29230;30244;41368;33871;19266;3885;15267;38454;24551;32240
28-Des-20;24436;36855;36342;1263;39399;4693;36310;25607;25805;5630;1023;43515
29-Des-20;34609;7027;3478;12665;49871;36198;7794;33378;26999;18121;44745;20339
30-Des-20;18088;6407;45786;16358;42750;30241;35004;42527;5989;29241;14099;16576
31-Des-20;45090;40723;45844;35780;16040;10456;20644;15041;49245;28012;9;44120
01-Jan-21;32264;48125;47232;3098;44420;15659;5900;6168;37125;16746;7592;41193
02-Jan-21;9146;36551;115;27623;47309;8033;44864;20008;8853;38773;41788;4278
03-Jan-21;6775;47382;44326;28069;20829;33752;470;15579;33743;44188;23921;8546
04-Jan-21;28967;38516;11280;34302;13640;46079;13528;10078;37983;4274;44355;27639
05-Jan-21;31540;9707;35550;49197;23563;38286;37790;3815;9176;32348;5188;8808
06-Jan-21;47722;5031;22953;7189;28980;19688;9558;45058;8121;41823;46999;32435
07-Jan-21;1569;8658;42711;8844;23824;1433;43492;49374;40919;6623;33097;19694
08-Jan-21;43344;45190;27178;44332;26897;744;18135;30297;30829;33381;18551;8823
09-Jan-21;15305;9007;19331;23102;524;27415;10786;24309;10410;31603;24393;20231
10-Jan-21;21885;49077;10301;25753;7540;30519;3746;39033;9275;26254;19454;21883
11-Jan-21;49885;40164;49464;5266;1246;27924;41492;9299;13596;32510;46972;40620
12-Jan-21;31737;35783;7402;20635;28422;46093;37800;35391;445;46974;8297;20851
13-Jan-21;33562;20692;23750;31652;28295;24756;33896;42724;35437;7000;33977;36415
14-Jan-21;37258;37280;34431;20935;43710;23557;42111;32344;36538;28935;22131;18016
15-Jan-21;22767;10844;3498;33066;29197;5388;48515;32170;7623;9208;41206;25602
16-Jan-21;16048;41084;9219;17780;36042;41396;34768;22838;37843;28874;4316;41026
17-Jan-21;3238;26480;33688;38752;24189;29585;11853;15646;22725;15805;15929;47116
18-Jan-21;15393;27287;15946;13101;22736;37147;20195;43641;25633;45361;26967;7740
19-Jan-21;48918;19457;42939;19455;42605;12575;40736;29589;32806;44115;40304;12816
20-Jan-21;14451;32376;36435;8180;23859;37006;20232;37581;47433;18394;35212;9639
21-Jan-21;3534;21681;42992;9696;37044;28171;15739;5228;19650;45746;3810;2468
22-Jan-21;10801;5909;34096;41140;15876;29740;23187;15588;6801;12826;46966;23208
23-Jan-21;21313;46218;22573;42232;25712;22901;19978;3471;10430;31964;34311;27472
24-Jan-21;1116;32487;10047;38915;38607;45553;35798;29381;33588;30883;22770;19690
25-Jan-21;11166;28968;17762;17866;36803;20990;12182;48572;46108;43964;2805;40239
26-Jan-21;23960;41308;33247;39347;11215;19429;11725;39508;4434;672;13468;38691
27-Jan-21;49508;17501;39679;35018;8838;14802;7746;29484;49640;20122;27404;25877
28-Jan-21;9949;47329;5159;19322;26695;7906;33246;47189;6267;18468;28478;5698
29-Jan-21;572;20943;26132;13662;47833;37048;22283;13617;38002;27464;39543;46542
30-Jan-21;14668;19110;36720;16867;5004;12171;24750;43042;22021;27868;17610;15696
31-Jan-21;14723;15987;35594;27992;30790;26765;30645;48008;39675;5097;29911;8828
01-Feb-21;27796;5017;39744;41396;36521;16707;41119;46231;26751;15412;20824;44218
02-Feb-21;9728;46723;31841;27636;38131;37550;32093;44630;45297;10153;35731;24782
03-Feb-21;18309;470;34700;31934;23270;48906;37739;22593;2772;4668;5226;25721
04-Feb-21;12521;14270;13826;27107;38770;31080;12880;30036;23940;47668;44455;39368
05-Feb-21;33604;37795;22715;4076;44923;33534;13924;32632;22630;30314;48902;8660
06-Feb-21;376;3773;36398;26247;37969;43955;13912;46581;9760;43906;48055;42446
07-Feb-21;48089;49221;10976;21912;20795;10123;31032;10907;10221;18648;48443;12844
08-Feb-21;14683;8794;45501;2428;16559;31268;27687;1200;16765;41184;48191;12214
09-Feb-21;23192;22657;45900;12489;28995;23169;25755;8639;5731;32330;25818;7370
10-Feb-21;49490;45014;22973;12998;31945;48382;31100;16997;10750;43439;10838;43672
11-Feb-21;11281;48861;42509;22257;33086;22055;8489;34971;41874;36913;10935;5164
12-Feb-21;49217;33151;24529;7354;5083;22133;47777;5749;31075;11933;25042;31857
13-Feb-21;23795;20319;48627;8508;39985;30369;44824;21032;22842;47162;19005;12762
14-Feb-21;42916;34514;32281;22832;22192;3292;14634;18577;37437;42248;43773;20235
15-Feb-21;36901;25852;20079;28561;17855;25482;25162;16081;32149;43087;20174;23434
16-Feb-21;15691;11132;24243;11015;25845;37861;15295;44375;34057;1594;39313;47824
17-Feb-21;12964;45175;12188;6377;38148;1508;32326;31775;1263;47974;14290;22233
18-Feb-21;36179;29799;22796;22935;32378;15220;28384;28459;18472;18523;7580;23228
19-Feb-21;11678;33604;21974;27966;9714;5423;37851;32847;46216;46494;39681;8209
20-Feb-21;10604;11844;23822;10978;18879;41613;19341;2428;1811;20719;39248;18183
21-Feb-21;49171;49722;46540;46704;31571;15555;9896;20320;7075;18943;6150;35168
22-Feb-21;9829;41230;30928;1216;45176;32225;47126;26352;43572;20817;1396;43033
23-Feb-21;14173;49449;20981;728;35763;31921;10430;38763;26682;14200;39967;18770
24-Feb-21;18225;13283;43881;24703;1491;30955;43076;39056;36690;26081;21968;45583
25-Feb-21;39091;19242;47131;44793;33107;44902;33690;9715;6855;2803;27491;377
26-Feb-21;45172;26581;19721;42577;17159;47810;14677;43761;29886;25824;29275;9787
27-Feb-21;17320;39191;41515;13283;12742;48065;48809;4154;2707;20786;9830;44710
28-Feb-21;15507;28810;14320;20613;2492;31077;41695;32071;35824;33292;9797;34000
01-Mar-21;20486;37735;31538;12339;47664;1100;22165;15322;36469;12193;9247;42525
02-Mar-21;38565;16352;17284;8973;41404;15728;18432;13279;14219;43144;22788;25961
03-Mar-21;2104;43933;1375;44825;16072;33968;38676;14429;22873;7588;13449;588
04-Mar-21;31456;26742;49662;45953;24070;36422;37870;40449;15546;31820;1688;8933
05-Mar-21;23220;29746;6604;26169;42443;15848;46493;47612;26493;1097;44266;26224
06-Mar-21;45400;23176;29257;23274;5177;44541;22117;2315;29068;31644;35270;44117
07-Mar-21;24471;33838;38003;3910;47732;26839;18773;47988;20223;18068;6044;11321
08-Mar-21;3677;2129;6798;28104;43689;14382;8795;1510;41728;29971;10159;18138
09-Mar-21;28090;13432;24566;716;25695;35523;49670;41912;32498;15920;22081;25268
10-Mar-21;15984;43122;41259;1162;29239;29818;3890;10485;46682;46050;47169;34070
11-Mar-21;31896;41171;47029;47307;6144;5176;38721;17650;30117;34439;37130;30945
12-Mar-21;1648;18045;24929;41299;41943;13143;26656;38790;28211;26299;30399;43969
13-Mar-21;23979;38016;39852;31666;45739;28385;43737;32955;10850;48299;1954;2647
14-Mar-21;16030;45117;3669;47249;46639;16462;36551;31792;603;45711;10000;38070
15-Mar-21;7288;28331;28678;26298;47152;47955;31528;25870;8134;34293;17791;34837
16-Mar-21;31889;14029;39722;22602;48571;6452;32760;10329;23277;22177;48450;9611
17-Mar-21;8379;34898;13743;31124;15971;486;42951;18214;21743;37434;34237;41792
18-Mar-21;7604;3239;9412;5696;48013;36225;41698;13636;48897;19439;9173;35509
19-Mar-21;48839;46968;8281;35816;6142;48364;44922;29620;35049;25203;14721;7642
20-Mar-21;2654;6360;42885;48159;13071;4005;4599;48888;37039;3197;18770;43181
21-Mar-21;29287;22539;1197;47643;48745;10021;39302;19315;14083;18147;30836;41771
22-Mar-21;5851;48707;31145;29521;38079;9181;39830;34004;36820;27540;11404;38485
23-Mar-21;14261;3049;44513;21051;11089;32466;25574;7094;25204;22660;31490;14498
24-Mar-21;1055;27162;1510;13835;14220;25916;33223;31608;22189;39971;47346;35384
25-Mar-21;3333;31115;47879;846;33842;29845;22009;29963;42238;33293;49254;12372
26-Mar-21;28509;14791;24698;44778;31992;25976;8880;18594;10590;21825;22582;37370
27-Mar-21;24155;24068;7974;14832;48217;4565;8856;37468;43305;24958;47265;35543
28-Mar-21;21616;26107;4497;15599;13863;46499;7810;45309;6106;22158;13739;38783
29-Mar-21;35958;32447;9844;3534;46726;2823;6332;49833;48495;12520;22965;32940
30-Mar-21;40854;19984;35215;26977;5410;37708;43079;28739;16025;6368;9524;37744
31-Mar-21;26691;45727;28844;35645;20889;6985;14023;18257;29679;11681;4937;45347
01-Apr-21;47869;32145;31185;6645;27235;27137;22299;22448;5354;41877;41490;24749
02-Apr-21;16928;18268;13606;33890;17621;1103;43442;20872;32196;37224;38615;33769
03-Apr-21;10213;25282;17415;45874;5318;44576;13896;30527;21348;36706;35434;37942
04-Apr-21;39165;48654;41062;18371;5137;47278;45901;18623;8964;34958;40057;16961
05-Apr-21;7294;36322;16307;29424;6911;554;23824;41756;34211;34629;47198;2048
06-Apr-21;7105;44559;42280;12905;5113;887;27426;31176;1127;44976;28172;29300
07-Apr-21;4996;40122;11505;3360;49271;13533;30019;17187;27205;4714;36973;10582
08-Apr-21;27012;47811;48187;16716;28948;24413;28972;44682;24415;11879;39389;14322
09-Apr-21;1040;38174;14884;15865;37501;25271;41694;14649;18300;42627;11704;41040
10-Apr-21;15134;26559;36914;48046;24077;40134;16663;35143;48917;30375;23613;6336
11-Apr-21;14334;29967;11398;19909;30316;33964;12126;20673;19444;30407;19135;17820
12-Apr-21;22633;18523;7131;5466;30466;27578;10030;18672;18005;9276;3673;43040
13-Apr-21;36935;32529;29207;26163;10828;43609;21493;40593;9758;44015;688;3482
14-Apr-21;9325;22241;46398;40888;14962;908;32457;48211;17565;41180;33260;1264
15-Apr-21;18076;17941;29504;21536;2894;9565;45889;39222;44600;18313;329;3312
16-Apr-21;8264;32338;29355;4222;27615;30048;12577;22841;33401;37974;47635;46235
17-Apr-21;37280;47845;36223;21269;5327;5041;35488;19112;34290;25623;29951;10881
18-Apr-21;41908;38749;13370;42204;32703;27581;12655;36341;7456;3192;11866;38219
19-Apr-21;1883;4100;43144;41843;38816;6041;12834;5977;33955;7041;14908;48588
20-Apr-21;26897;36487;43834;27316;37210;13164;49680;12938;26554;439;8640;19742
21-Apr-21;37675;48478;14012;15976;20259;46549;13089;14648;4270;11423;42769;43864
22-Apr-21;44880;18792;45842;3594;47743;30833;35011;37764;48259;2047;39582;47702
23-Apr-21;38881;1342;28511;21085;25938;45789;35818;19490;46512;13087;14871;44992
24-Apr-21;11764;22418;27830;45334;23107;24962;49761;31614;6399;44317;32954;30693
25-Apr-21;8696;27927;28690;35700;4056;1639;34723;6301;37424;16424;42847;30853
26-Apr-21;7075;41616;20890;10204;20930;14791;26038;28965;30391;23997;41322;3658
27-Apr-21;28887;34327;28196;39632;33329;27900;2278;12920;9467;10333;29279;12274
28-Apr-21;38273;14643;45879;44933;21159;905;20265;22336;20453;43856;29587;30711
29-Apr-21;44371;2412;38990;18810;8103;16876;40197;41617;47626;10663;23421;3130
30-Apr-21;40830;32979;30855;34605;1255;38332;44482;24336;48486;44485;12697;41726
01-Mei-21;84;46033;9432;10055;11539;20872;98;4689;18812;43139;28455;9754
02-Mei-21;2462;22418;46996;6395;11191;1118;49188;23486;19442;25476;6868;16567
03-Mei-21;31052;2561;45723;36076;37679;21797;48892;1362;405;45563;26468;36075
04-Mei-21;7794;2523;19594;11296;21312;7622;12151;40000;14909;44684;42027;25188
05-Mei-21;13695;43890;28685;30451;7335;32852;40790;4966;42276;37227;28809;20118
06-Mei-21;16183;33534;15007;25316;38126;46576;22947;33364;23183;42784;44541;26465
07-Mei-21;16918;27976;27834;14217;12409;48596;2916;901;29274;35745;4979;29705
08-Mei-21;49081;8644;40985;38690;10029;17308;40933;32962;44580;760;28021;16945
09-Mei-21;22647;37774;33309;33569;17558;579;39557;10760;23466;30465;8853;2895
10-Mei-21;9446;33205;31932;41056;28487;2417;19028;8204;27721;1356;15789;41022
11-Mei-21;46178;15549;24409;7651;24063;46138;45267;26321;28292;34522;16173;1170
12-Mei-21;17498;46093;9306;35940;20172;21251;22894;13720;7211;2582;24926;32101
13-Mei-21;43250;15705;49218;3898;25194;40600;37591;20895;10927;10727;28352;28261
14-Mei-21;47683;8569;33324;15382;8979;2356;30042;46053;29623;44944;26790;9624
15-Mei-21;13843;3607;27009;18519;306;10922;21783;21576;49410;27834;4824;7883
16-Mei-21;44953;7449;35897;4669;28894;38733;8979;23762;11245;34728;42275;19957
17-Mei-21;26989;2091;22356;46736;19808;14176;24101;34294;3378;39346;23044;16006
18-Mei-21;23973;45742;42594;25374;851;10460;46125;15631;18117;1560;25485;46835
19-Mei-21;48966;33001;27282;16170;18859;9563;6517;1674;43604;14134;16849;41242
20-Mei-21;45989;8670;7301;1779;12872;48597;2492;1681;29687;30640;4430;5678
21-Mei-21;31519;38782;20691;46514;20710;15586;8675;29063;14843;15276;21087;13452
22-Mei-21;28140;19988;5109;43294;39376;20666;22194;27065;12726;16368;12963;5061
23-Mei-21;29511;12745;9040;5457;30738;39567;13138;41543;1277;15180;21773;10874
24-Mei-21;24770;18186;45136;34759;450;33533;23745;10117;23596;46872;29379;6592
25-Mei-21;21082;39933;35386;4668;38079;40518;32199;36197;24078;48531;6458;6729
26-Mei-21;18337;16611;4830;44755;9802;37876;32817;47896;45817;44308;11197;30752
27-Mei-21;7346;38915;29086;30363;20229;47573;20326;41046;9170;33585;19719;34067
28-Mei-21;40862;12735;49451;16908;30827;24102;33749;43000;41163;49835;44700;17447
29-Mei-21;11577;47030;44379;16402;40159;2503;34307;4192;38653;11637;46690;21179
30-Mei-21;30850;6137;7796;17815;41734;24898;46971;2113;48815;39295;45446;25777
31-Mei-21;47677;29608;14303;743;38861;17206;44469;21602;49409;46271;20981;14786
01-Jun-21;47186;14194;5787;10612;47378;27695;32073;11413;13515;49235;22615;33749
02-Jun-21;28930;32003;26014;49440;45071;23892;5072;26690;9951;32625;37213;7036
03-Jun-21;35215;25704;14634;3784;15183;40722;32463;16613;27608;10404;20560;35510
04-Jun-21;25694;38014;39234;13851;23920;10054;43294;15195;11075;9335;12001;8530
05-Jun-21;34499;2006;2312;24041;38389;31202;21238;42476;15586;25394;12597;18427
06-Jun-21;38682;49512;19386;15764;27165;38145;29060;39302;48265;43990;28849;34082
07-Jun-21;7360;11728;41363;25152;3347;38912;24310;37110;26878;32889;33702;12244
08-Jun-21;40190;27922;30174;9555;29732;7458;42623;28344;33636;33085;46154;15010
09-Jun-21;35943;35998;34408;47732;16286;4988;33217;29689;12292;33622;12367;9778
10-Jun-21;11606;1342;28755;32567;23544;24036;40575;46917;22453;18614;22986;1534
11-Jun-21;43657;28710;46998;27760;23289;38305;26675;48416;40436;37704;16702;22983
12-Jun-21;17482;8934;31928;34397;28660;1996;39330;40949;29542;41310;20359;9887
13-Jun-21;14548;5021;20699;17112;40547;19243;24667;22809;41872;28078;26060;9146
14-Jun-21;32916;2011;21511;188;25723;33341;35071;24050;43796;35940;21433;3129
15-Jun-21;46585;33715;18170;35411;18399;16894;44055;35624;15135;42402;42675;36440
16-Jun-21;30828;19119;19196;38531;20112;37054;23700;1070;20610;34577;6523;39931
17-Jun-21;8337;27411;32636;37418;11196;11980;43359;17157;32500;2275;2709;11561
18-Jun-21;6678;21892;20562;40224;34222;33232;8395;27802;29179;48818;25387;25020
19-Jun-21;28328;49021;12915;30836;9153;6992;12600;32776;41437;14344;25275;43339
20-Jun-21;20849;17847;30243;9722;6067;10047;21073;23473;40977;32151;32507;39859
21-Jun-21;16806;14105;31801;11949;39912;16562;38212;28550;39402;38606;47930;21551
22-Jun-21;41652;36453;27291;46996;1679;49084;27060;24418;41462;13268;30932;33363
23-Jun-21;18919;8905;31257;6371;22185;42977;44375;30798;36963;4398;27112;49241
24-Jun-21;4318;36333;447;26258;42133;47725;44100;46033;46929;4881;36361;17785
25-Jun-21;21352;35261;23832;22670;6307;23400;36838;16580;4514;8751;19360;29192
26-Jun-21;36661;37856;34332;763;28974;47078;6714;49603;23582;20765;10040;1053
27-Jun-21;21922;24158;46127;14978;17266;43219;5056;36434;35690;39815;33905;47453
28-Jun-21;2931;47745;43265;30283;36040;31428;36175;38967;11296;35770;39152;12559
29-Jun-21;39365;27135;26520;26244;7446;36773;37921;37923;13936;26892;15588;7036
30-Jun-21;4046;2328;14145;47945;25136;14040;22892;27341;2990;38818;11968;12375
01-Jul-21;43436;29013;37468;7269;789;40315;20747;48122;36322;14027;15850;32912
02-Jul-21;19155;33057;29711;34203;49896;34200;37970;22792;5408;24055;4216;20423
03-Jul-21;41828;12569;18312;24216;32485;34449;5163;38020;49821;20513;40035;1446
04-Jul-21;18677;22753;29812;22599;16871;5016;31546;19160;12254;26465;11509;11949
05-Jul-21;7583;12953;25601;19363;26894;36194;42944;30960;8638;37069;20451;44308
06-Jul-21;35477;5398;31184;9781;34608;23517;2480;10403;10595;38557;49791;48843
07-Jul-21;4985;3200;15881;2847;36518;42458;43166;7734;25474;33;7888;9487
08-Jul-21;32528;12849;2060;33071;6902;23236;10426;18372;22658;29320;49629;12440
09-Jul-21;19866;26249;11898;26284;29012;11507;9817;39997;477;46520;30688;14783
10-Jul-21;6333;38640;14325;26712;21639;8724;38573;1400;11490;37593;4521;20560
11-Jul-21;12102;22174;4705;34900;22053;45010;28937;49659;34205;2930;8270;15409
12-Jul-21;23658;2214;41529;24603;35953;33883;28678;17526;6660;28059;23414;31252
13-Jul-21;36041;30903;19594;30183;38785;1752;27140;17644;31690;38911;14265;17468
14-Jul-21;29189;41971;27820;2807;21367;41435;4637;39124;17911;40488;46858;39975
15-Jul-21;36075;24129;34634;19840;25482;28577;26612;2177;2304;46815;26398;1425
16-Jul-21;8884;9750;35822;19363;35964;46155;25942;33995;33620;4022;33070;27700
17-Jul-21;49853;6171;3367;9729;35223;39268;31751;41912;42594;34318;13959;13441
18-Jul-21;3660;31539;23075;22352;25922;14979;17792;23888;42012;20133;17008;47589
19-Jul-21;14189;21802;1479;28196;900;4216;35998;45481;5620;20717;27783;33187
20-Jul-21;1686;26810;21951;5977;34564;34416;48849;45518;40670;27293;44882;49378
21-Jul-21;44776;41020;24644;27497;43849;10050;2410;1110;47632;16577;10325;37801
22-Jul-21;40408;32849;9268;41306;23661;30315;14772;13494;10363;33029;26314;42222
23-Jul-21;41471;2382;13564;29711;20889;1993;31476;43569;517;6890;44983;37192
24-Jul-21;19288;13096;22811;32760;2571;26396;3345;18393;752;37821;8361;31841
25-Jul-21;31627;21515;34288;37719;9449;14616;25241;33839;35255;29771;26771;45696
26-Jul-21;21673;25623;10885;47718;38824;34353;36327;49518;6023;30149;17527;27063
27-Jul-21;48371;37038;30114;8227;24650;30015;27753;34173;28874;30986;9302;6814
28-Jul-21;15854;49448;20250;3226;15334;21295;16690;15686;13176;22153;11239;25635
29-Jul-21;29037;38604;43444;45772;23210;1195;40549;41125;34131;4078;42783;19200
30-Jul-21;41525;37786;20143;30437;30546;986;19158;23903;35919;40336;41388;21980
31-Jul-21;31791;40648;13827;33470;1928;48;7156;21395;28971;1645;28587;43846
01-Agu-21;43798;24249;37733;23985;19880;21938;42148;24788;15775;29716;22199;37443
02-Agu-21;43223;17986;39682;25961;39375;2008;38166;19991;33130;47607;47038;38883
03-Agu-21;45039;26060;9315;47022;24205;17073;47690;25672;22832;33191;17138;41451
04-Agu-21;29767;18263;26096;45999;8350;48831;22226;7113;23754;23465;8055;36745
05-Agu-21;49051;11424;21087;22323;2135;27155;30459;29183;47274;20842;25304;24845
06-Agu-21;30820;2306;22343;41009;5447;34731;4436;3558;18413;17025;35478;863
07-Agu-21;12178;45331;23025;36249;22462;30641;10210;31634;15825;19370;21518;46946
08-Agu-21;28076;27001;7076;12477;2632;16429;31055;39760;23069;9124;16351;12172
09-Agu-21;11850;21986;4373;32744;21676;11747;35794;22293;40341;20500;13048;29761
10-Agu-21;10748;45899;39603;12377;38490;28902;19690;44857;40106;36937;26553;49393
11-Agu-21;30245;47944;39445;35484;3397;34780;45253;41561;29542;34885;290;4788
12-Agu-21;12339;25852;49664;39962;31520;31173;38227;40412;39660;44063;41281;33086
13-Agu-21;11604;30682;2043;49150;36562;36544;22160;28466;1428;10385;5845;6470
14-Agu-21;18249;25647;8339;21834;31884;5411;23501;34256;33073;12818;10225;4037
15-Agu-21;23363;13279;41832;46069;47250;4573;7879;7479;8188;9807;12891;37523
16-Agu-21;35273;32105;32682;8013;34008;17938;37438;24414;14627;8226;25965;7451
17-Agu-21;34830;1018;512;15594;43855;7742;2532;44610;37621;46352;14628;42229
18-Agu-21;2727;30752;48416;8428;22176;35157;47585;30124;44083;16857;24360;37711
19-Agu-21;1848;23466;18524;18945;9362;34406;404;6139;24588;33118;38727;14768
20-Agu-21;27813;34671;23906;42518;46017;6005;33406;24392;32049;29469;25913;9064
21-Agu-21;11658;39582;9343;36328;31336;17495;41912;8933;25085;41904;6080;49114
22-Agu-21;43595;12044;13569;45331;23199;33619;43699;6617;4200;21636;22476;35235
23-Agu-21;15889;2199;11357;3589;39565;47017;3556;24593;31611;46451;24559;43414
24-Agu-21;37687;41352;44195;18540;36554;33275;36117;34107;11959;17432;34387;20575
25-Agu-21;5047;29321;1112;33512;26857;27960;5530;28435;23520;27505;5825;31180
26-Agu-21;9535;10054;19459;32861;46590;36904;8171;4324;29328;9694;16772;42
27-Agu-21;35899;47236;26769;9666;15123;7609;26423;38394;21371;7378;48080;34439
28-Agu-21;10410;45863;2202;24466;28612;838;13753;37810;32510;4148;38004;18303
29-Agu-21;920;8934;46399;13783;6320;45842;2773;38608;2633;41591;38664;433
30-Agu-21;21605;3453;8794;28680;37402;6765;37991;17246;2375;3998;22998;47672
31-Agu-21;5581;29799;25707;37888;35376;2565;10994;34297;24425;25588;23423;29195
01-Sep-21;42350;8980;1481;18894;20584;44043;37139;10257;7854;27045;1;22561
02-Sep-21;42504;37203;39751;13360;46313;40269;4809;17672;26775;18617;40201;37547
03-Sep-21;13143;16517;4153;22612;23782;15120;44808;33369;15847;5254;29849;7460
04-Sep-21;6971;33303;42409;14580;40383;25445;7631;23946;3955;18529;40437;47613
05-Sep-21;29665;44490;25997;27170;45882;48006;34454;4684;22299;27807;25122;8155
06-Sep-21;2193;4202;43824;47618;33521;17733;29646;1368;23666;23403;16583;32698
07-Sep-21;41824;8255;14314;18928;1617;37165;43643;34666;2385;31450;11010;3841
08-Sep-21;13779;10211;41542;44949;43081;20173;26941;21222;21361;41903;5998;47223
09-Sep-21;3095;2699;44228;29231;36224;34393;9659;48404;25349;24364;48656;4994
10-Sep-21;46948;35915;3870;5714;49254;13906;31791;16013;42914;21842;17031;34161
11-Sep-21;38636;29949;19030;7416;25890;5748;25994;42166;6524;10810;34113;44092
12-Sep-21;6863;13031;24037;18030;33226;40941;12359;19696;19215;12030;18597;37711
13-Sep-21;8108;21875;38648;39289;26711;49270;7775;3862;28039;35508;17086;4970
14-Sep-21;2553;10329;29659;9576;30843;34838;21592;9116;42146;49176;1832;4509
15-Sep-21;36055;42237;5990;19575;30744;26605;45861;45327;9247;40895;48856;9079
16-Sep-21;21279;34115;6772;44414;32849;3118;44183;7785;37208;3891;34010;9549
17-Sep-21;32901;7927;40998;28537;40576;32812;6487;31635;32581;46020;23969;2784
18-Sep-21;11500;17478;41303;46489;19010;15117;44884;22019;28895;32172;3209;32187
19-Sep-21;46547;28155;44502;36574;49119;18326;500;33470;31765;36472;36135;24582
20-Sep-21;27436;47655;38465;43127;6168;45922;39879;47279;31844;14695;41620;18554
21-Sep-21;34264;4187;24999;23916;35300;39149;21626;23127;22243;46067;20456;7707
22-Sep-21;34680;41050;38565;15147;40789;20916;5708;40262;2133;27218;36085;20553
23-Sep-21;7325;27910;16430;33163;47213;47917;22112;41667;28229;17398;25572;10617
24-Sep-21;24891;29747;46363;19704;41944;41036;25192;47740;7294;17886;9942;38896
25-Sep-21;43892;35452;3793;23306;8238;7286;42454;21378;31023;44925;28340;47753
26-Sep-21;35168;18476;42780;35713;3605;9786;29854;7803;46663;39702;48761;23863
27-Sep-21;6507;31133;34999;47627;21232;47573;6707;38571;651;13717;26957;23252
28-Sep-21;6156;21439;45694;38723;48659;3367;5794;12391;5058;20859;5647;35497
29-Sep-21;29276;12524;45492;37833;33982;44404;8202;35752;10292;39254;42687;2692
30-Sep-21;43571;13717;46943;37123;18572;13545;13982;25721;4218;651;13068;28461
01-Okt-21;44316;26144;25695;12660;35589;24687;12448;21338;16361;36031;23847;34846
02-Okt-21;39212;31849;33976;18592;46326;19390;29863;19082;47598;33646;6017;20472
03-Okt-21;20220;43394;37762;24555;34152;25248;23304;24172;43737;27877;24996;21135
04-Okt-21;37031;14877;2937;34612;8659;43794;11416;1723;40044;27053;16484;23905
05-Okt-21;34982;43880;17323;28895;45807;42800;22015;6064;3182;44457;42526;37120
06-Okt-21;26652;35211;443;47732;47756;478;6903;36313;41712;22628;33426;47282
07-Okt-21;20056;15455;10285;43700;41998;7483;3398;6427;45552;32695;34696;18741
08-Okt-21;30881;4161;41342;21486;9268;46726;7149;14492;30964;17040;409;6511
09-Okt-21;48233;30931;17248;31464;37701;21156;1858;47339;31490;33180;1380;46601
10-Okt-21;27170;48409;8298;31702;41456;10702;15968;48581;2853;24908;19111;21788
11-Okt-21;11514;23527;39666;42387;13634;28017;17366;21369;15827;3363;8889;17517
12-Okt-21;6407;4369;28312;24688;41377;10858;24651;4828;48872;39166;4476;3526
13-Okt-21;14718;11430;45821;20218;18856;14658;33420;2223;39981;29511;39624;26095
14-Okt-21;41001;37886;45917;42128;18922;32644;24901;45102;9870;33669;2219;14438
15-Okt-21;14769;38780;2022;31689;45633;8171;30248;45977;259;174;1077;35796
16-Okt-21;33878;15654;30333;24278;23893;2968;49012;14302;33029;4166;5147;8134
17-Okt-21;38231;48123;34682;8273;30951;5423;9423;9622;11155;32506;8636;32829
18-Okt-21;29601;24663;39947;29329;22132;44158;6908;19619;47059;36386;1289;38260
19-Okt-21;24843;46065;39485;22594;7756;44390;38449;32822;27252;26074;5428;11420
20-Okt-21;5570;21481;16865;8323;27432;39019;40683;1343;22386;5968;2173;32929
21-Okt-21;33361;23172;9378;12470;49482;39749;12543;8146;12852;18886;40707;48516
22-Okt-21;39374;5770;43939;1052;5708;26258;43839;41896;25719;26358;41773;37374
23-Okt-21;3562;48846;15634;15372;14484;9017;8005;40465;2695;26185;5049;4328
24-Okt-21;12140;24086;6631;13084;17330;37910;49389;9835;37150;22212;29022;32615
25-Okt-21;35038;14469;19266;5971;7719;36151;3339;17925;49641;46748;37290;37465
26-Okt-21;41595;26734;20661;21516;32834;24657;48581;14578;8223;16081;23980;8740
27-Okt-21;20771;33750;5442;8517;41352;19775;13206;13207;38333;26175;24644;30060
28-Okt-21;3932;27771;4317;46132;12745;43287;49072;47525;5716;40251;29914;22897
29-Okt-21;27861;11700;39728;9393;37058;26040;34676;15258;4886;13063;1511;14983
30-Okt-21;11346;40855;31091;28906;23513;9513;33425;48887;14569;24417;42148;8124
31-Okt-21;24210;33701;32870;48311;21297;29758;28838;29442;649;27010;276;40120
01-Nov-21;44215;44670;11797;30981;37029;32629;23846;21328;24580;5697;31164;12349
02-Nov-21;8029;37136;47600;6081;35193;3596;11940;26198;17882;37208;5141;5676
03-Nov-21;39626;5043;6916;2068;31981;36936;35631;3591;27670;45451;21368;12782
04-Nov-21;14163;34366;5331;15174;49953;10390;43065;6634;15027;12151;46209;19013
05-Nov-21;5839;4873;48923;35807;21448;26133;2532;30084;29611;40610;35122;25672
06-Nov-21;17802;22330;30969;43087;43301;42913;19669;15940;41955;6646;40449;22068
07-Nov-21;23957;15414;18661;30211;27772;3674;41977;41625;822;20533;716;37371
08-Nov-21;31105;40767;30488;2775;48389;41417;13118;7630;34775;17168;25102;26393
09-Nov-21;19313;19041;8325;30254;26953;31018;30129;10748;2963;8487;42254;21188
10-Nov-21;10376;29869;14431;14634;21880;39594;13787;5461;12203;48036;40374;3141
11-Nov-21;43846;5227;47500;18647;44347;34151;10009;29052;39851;29631;37672;46756
12-Nov-21;33884;16188;32893;36834;30053;25210;40850;9572;35499;36202;11550;17123
13-Nov-21;4156;31834;17114;36919;32001;28270;22741;49153;29334;46407;48140;13760
14-Nov-21;6984;20359;32242;20197;17062;33258;3263;41706;15560;35604;36219;13164
15-Nov-21;43627;23830;515;28591;35930;7759;37653;36534;38451;42333;23180;29583
16-Nov-21;25074;19725;14877;1281;32196;38895;16201;29335;6001;3279;44611;38648
17-Nov-21;29460;42792;13717;33568;13609;35017;11275;16765;17639;30725;47115;2659
18-Nov-21;1821;5395;14345;971;12501;17785;21661;36590;18057;46054;39615;14214
19-Nov-21;36313;32473;12973;44890;25538;47040;12240;35690;48026;44591;29831;16782
20-Nov-21;36154;19808;6082;15671;14953;31134;32259;43768;10851;29252;17544;5191
21-Nov-21;14369;31025;47666;4517;12282;37413;49148;8296;43026;47099;5309;12984
22-Nov-21;27291;18361;3424;18970;40237;37484;17078;45297;34392;17130;11220;23060
23-Nov-21;33803;3611;23070;31787;18464;35613;19065;29003;14880;20449;48236;42602
24-Nov-21;246;41589;262;33634;27209;14169;29019;28174;22597;14838;45984;6485
25-Nov-21;11541;1650;7367;35905;19191;43367;366;18419;3515;17857;8920;3733
26-Nov-21;13347;42240;22735;26212;11082;18846;33360;21566;22030;12671;27204;12645
27-Nov-21;16581;36282;32422;7502;41388;38114;46233;33909;1066;37252;33429;28503
28-Nov-21;28100;434;36735;23536;28346;35602;12767;16424;20367;39737;23919;12755
29-Nov-21;29788;46312;11676;13050;29976;11106;7743;40613;26138;1936;44667;17079
30-Nov-21;32070;36992;23087;27034;32942;36707;42353;38221;36421;18564;5523;26272
01-Des-21;20918;39181;29626;10304;3976;2600;5667;24656;47025;9723;31806;1353
02-Des-21;6187;30100;46571;43936;1222;32106;45013;17911;44855;16531;19977;45105
03-Des-21;4221;32953;43370;42044;48507;16161;28129;39821;44533;4170;23546;39785
04-Des-21;38364;22090;36096;33487;9963;48045;6233;11198;42729;44755;31044;30896
05-Des-21;29595;45049;39438;1025;522;38026;3814;20337;1466;17183;28280;48562
06-Des-21;33097;42532;520;40199;37852;47133;20364;25066;49223;2789;27166;31580
07-Des-21;8938;18197;46862;17177;24366;19281;15188;11884;19409;756;10528;11800
08-Des-21;27236;38884;36080;42250;44290;5098;35497;41785;37216;47573;23054;3667
09-Des-21;12188;5787;1306;48311;2245;17258;39228;23301;7373;36469;48951;26611
10-Des-21;33810;36761;1209;31340;22834;32303;6057;11880;7211;29869;23583;7921
11-Des-21;12460;2944;2715;34185;21878;27868;45266;170;14289;24761;8195;41271
12-Des-21;40394;2205;27437;44511;27635;46208;19279;42057;30428;4250;30941;38591
13-Des-21;22536;29341;23694;6461;23594;47724;13624;1299;2755;43885;47313;32825
14-Des-21;32758;39328;19617;23050;20996;37090;39236;38060;16961;29595;41068;15729
15-Des-21;39477;39240;22399;20819;15568;38082;40454;37434;15120;13901;30498;20310
16-Des-21;1130;40190;34380;14775;4949;21555;28061;34715;36200;13918;44189;20047
17-Des-21;9356;48825;36345;7728;26060;35704;31298;39711;19125;8268;7670;3308
18-Des-21;23976;25781;4860;23309;26741;6049;38611;34808;16464;22647;14207;40468
19-Des-21;25978;40596;40720;39034;26767;22029;37602;13239;3494;21296;48217;15925
20-Des-21;23875;13618;41325;22720;28055;31694;12014;7644;41249;46758;1674;15749
21-Des-21;34455;5582;49322;39320;10352;12825;34032;33383;49944;35782;19779;36946
22-Des-21;33025;11752;34895;36788;29689;35126;5310;2774;4071;48208;4484;6738
23-Des-21;12779;2681;39219;20622;37889;20977;28446;41901;28945;39489;24716;26402
24-Des-21;45759;11588;30587;4562;49533;23638;45120;15872;39082;13779;45351;38136
25-Des-21;46216;12245;36824;30706;1841;46712;1393;35641;25119;46504;29091;41930
26-Des-21;21064;20326;8834;20430;38604;16690;20487;21713;4622;9516;22638;549
27-Des-21;8664;37405;36284;2643;32263;29428;10199;29279;19483;36530;18862;21395
28-Des-21;30699;23056;19796;7470;18181;29828;29956;26051;24890;13887;26058;41915
29-Des-21;10681;29748;32616;39902;49935;8722;34178;46991;29943;27610;45253;47038
30-Des-21;7599;20193;42936;48419;47883;20086;44829;23436;48879;9551;2841;34519
31-Des-21;14257;24441;47865;6344;24946;40208;13257;17659;9530;48003;33579;27991
01-Jan-22;2258;47154;33086;21235;34788;18919;44084;13614;421;16548;19503;34716
02-Jan-22;17561;12366;26368;12505;27904;25280;15280;2217;14760;11350;20026;27836
03-Jan-22;42311;3399;29447;31321;44990;14562;13433;12831;9958;45831;243;14004
04-Jan-22;24696;44233;16555;6013;4172;44816;47402;33914;11641;1617;41606;47579
05-Jan-22;82;36772;42780;15132;1704;949;18262;27000;15964;21341;27600;10660
06-Jan-22;31270;17838;8246;24921;16820;46189;48128;45528;40990;15618;29229;15862
07-Jan-22;48198;49183;37444;20725;4314;28941;38274;5648;32964;30135;15258;30747
08-Jan-22;30033;34569;31215;46852;26739;15264;45066;45922;17382;2320;20525;10613
09-Jan-22;9241;12704;41028;24211;29571;9909;18509;9283;5175;24493;19912;30349
10-Jan-22;28191;16716;48115;17120;20563;34180;7495;35165;38227;11442;48847;40233
11-Jan-22;25617;38304;41899;810;26926;20534;7758;28903;4005;16441;31206;31247
12-Jan-22;4987;9240;15654;32853;8840;44536;28537;6731;49804;769;17246;42276
13-Jan-22;44751;13437;58;45372;1566;29906;8247;3832;31936;4394;4069;7292
14-Jan-22;25576;16344;3175;11197;26413;13225;15359;12902;9245;42095;30210;35219
15-Jan-22;46121;33302;15113;10669;48349;43766;6250;41725;21830;37593;32655;9847
16-Jan-22;740;37698;44248;23978;21202;47862;47976;41269;34136;45207;26835;11005
17-Jan-22;17180;16329;23378;44709;31778;13275;47791;39807;11343;31164;39239;16363
18-Jan-22;293;34654;35633;31300;7203;45913;28766;43410;30457;47867;30432;37529
19-Jan-22;3345;36282;12560;5075;35637;5862;47431;7835;6772;40587;27989;29590
20-Jan-22;11043;17424;33829;35821;46311;33291;11383;36975;16247;24563;20708;45621
21-Jan-22;9114;152;39213;10553;26118;23136;37585;40498;10717;14219;36625;40770
22-Jan-22;5869;42544;33485;4052;5834;6697;45215;22729;1053;14392;25066;22037
23-Jan-22;33215;47896;25438;39539;34604;41515;1474;39400;14607;17176;18801;49562
24-Jan-22;32651;46150;19933;37598;9362;35508;47950;19890;28150;35469;20043;20230
25-Jan-22;23562;20293;34773;15711;11670;1384;4543;40725;18291;9813;9829;47405
26-Jan-22;41891;22176;4714;4442;9674;19962;18123;2335;37487;9425;7828;27755
27-Jan-22;34804;44508;5148;30601;19820;18575;30502;38380;47332;31919;39056;45743
28-Jan-22;45906;2596;8913;2227;48064;28772;16779;38811;8215;34536;7921;25708
29-Jan-22;39671;1707;28864;31662;48295;47950;23362;33895;45332;7360;47854;48547
30-Jan-22;33009;35679;42262;6034;44123;34476;49437;12139;21281;33881;8115;49485
31-Jan-22;29668;11054;16414;44546;48364;48498;4698;36021;44613;9740;25053;4305
01-Feb-22;3416;49844;20877;47395;26892;9481;41438;42139;3665;14819;15259;17330
02-Feb-22;4415;36683;23367;8493;47560;10568;43577;46035;49340;32067;22334;39155
03-Feb-22;35172;41536;23716;5752;48860;17018;38355;26989;1959;26472;8963;14380
04-Feb-22;8233;41333;33863;5051;26066;42106;40960;10524;16361;30920;34981;11722
05-Feb-22;128;11780;36597;25951;48515;35664;7133;21853;31115;31801;9523;4460
06-Feb-22;46446;23493;16065;41562;35149;7623;22738;45994;16987;35641;45693;22978
07-Feb-22;15045;49486;10166;172;12744;28316;33680;17805;45948;32802;44978;9067
08-Feb-22;19789;783;46065;3517;23360;44583;21824;24182;42156;24073;44467;41166
09-Feb-22;28184;41955;18706;5272;26631;49401;27097;39055;34900;10824;31706;33599
10-Feb-22;12380;24886;43082;20675;21982;44438;22396;45431;12928;32690;2956;42097
11-Feb-22;6839;26048;11342;8297;21460;34332;1650;17980;27478;6159;44223;29016
12-Feb-22;23255;27069;40270;37627;31180;10139;2058;19718;42533;31394;15906;46235
13-Feb-22;11121;3826;33509;8084;9819;44955;22112;15917;13440;11556;40727;37748
14-Feb-22;47264;13959;14404;1829;7662;24168;6371;16983;20842;10100;35742;13431
15-Feb-22;31092;38431;46233;27484;3944;46533;32360;29672;28734;32106;23618;40919
16-Feb-22;144;11804;25063;13982;21337;1846;8871;28077;24861;19374;31573;40699
17-Feb-22;7904;13030;32730;49559;32410;27619;9216;14015;24736;40779;12006;19233
18-Feb-22;8191;36294;44436;36675;34345;14789;10052;33415;46050;46556;31292;20102
19-Feb-22;43587;38571;26635;14965;35744;18380;48812;17705;30577;13537;29139;44018
20-Feb-22;3881;26557;827;34712;19230;33728;23965;25367;29850;6235;23939;4696
21-Feb-22;10367;35526;5094;37346;13853;46477;41757;29249;11798;25572;13010;38953
22-Feb-22;11860;24990;30800;45308;49766;6196;20009;1400;15246;25806;38763;39225
23-Feb-22;28289;13443;48980;7698;21388;4283;29004;8189;22870;49692;36717;35741
24-Feb-22;30369;22504;45085;22121;35037;8755;12950;19583;5666;30905;11572;26572
25-Feb-22;37363;43970;27377;36307;38182;17075;49904;37234;25123;49117;11365;2841
26-Feb-22;36949;16332;35339;17131;13572;23201;2158;32112;30330;31367;13387;22483
27-Feb-22;45753;43469;37366;10357;18666;14405;44311;39019;15285;4772;42467;3289
28-Feb-22;17618;8753;42045;579;20316;14682;27651;39676;14439;9237;31826;14809
01-Mar-22;6763;33426;45769;30572;21699;9145;7132;39715;48748;849;39313;28599
02-Mar-22;2737;29555;32762;36167;24129;13668;43269;45449;43765;8105;32482;103
03-Mar-22;38924;18786;22296;11064;27380;17764;40288;45731;39670;27603;33744;44617
04-Mar-22;7893;12258;18449;16379;38867;46600;24500;44037;49464;34628;48119;23628
05-Mar-22;32339;6473;35828;44773;5976;45064;39447;44955;49090;34687;4504;17610
06-Mar-22;41812;6376;24749;28283;22896;23558;2947;44903;18654;19515;42527;29033
07-Mar-22;46488;47793;29222;32582;38725;19359;25443;25420;13331;8994;31020;7716
08-Mar-22;7942;36831;21113;19467;45326;17212;7247;37238;12084;22534;38085;31591
09-Mar-22;5994;36260;7887;43161;14005;35487;14743;10027;18336;41642;1570;45363
10-Mar-22;15341;24205;49034;24506;43323;14494;32272;16271;3898;5264;32485;24167
11-Mar-22;49177;20478;34120;20290;34938;45240;22268;1569;13170;39712;18876;48569
12-Mar-22;4407;27543;30795;21883;16647;46916;8991;30464;45685;15614;23143;34585
13-Mar-22;25398;9948;15992;12461;39220;16648;44463;19617;27358;22279;42678;10706
14-Mar-22;17121;11796;10500;37002;5533;37434;5121;39595;4078;38479;3113;7618
15-Mar-22;19075;15444;30695;49222;42908;9191;23653;42818;5826;34411;9117;1553
16-Mar-22;31691;10726;26402;17556;18013;27192;41713;31986;20146;26384;15906;12747
17-Mar-22;826;39304;10058;37231;40801;30248;28839;14159;48139;34330;25050;35202
18-Mar-22;17180;48944;35511;43786;17426;30367;875;38016;19326;48806;30575;22447
19-Mar-22;24628;28633;24500;37297;1931;22909;46218;17609;44762;5656;28451;8990
20-Mar-22;16643;26531;16975;8969;31142;12732;14248;37206;30512;29553;4681;3030
21-Mar-22;4162;4518;23425;8984;15791;45881;2466;39790;32910;18162;48998;6136
22-Mar-22;10692;49653;49041;13907;47885;44160;43977;13915;45676;28752;47971;30030
23-Mar-22;32012;678;14083;35306;45619;32704;36920;30809;4710;5668;25118;166
24-Mar-22;37891;39139;7834;32116;21232;46894;1739;20602;32250;10295;38670;9003
25-Mar-22;42933;19045;30987;37558;45408;37764;11874;6742;47079;27239;38059;36258
26-Mar-22;24867;9252;21866;13351;43011;23509;30290;43305;16866;40098;34642;1788
27-Mar-22;21534;30958;37044;22742;8606;21109;34208;15701;31817;8816;11077;46687
28-Mar-22;4916;16757;31689;29380;40166;29878;38140;2927;29121;45563;23906;12944
29-Mar-22;31911;19865;9435;47789;39338;27452;23029;10453;6323;1134;10059;43299
30-Mar-22;30009;39902;27226;44276;49889;2758;19573;37981;5998;17857;4206;28199
31-Mar-22;3875;29164;17042;38251;4498;48225;1687;13227;35497;42080;13147;24278
01-Apr-22;20339;2604;2179;11740;32126;5238;25063;17398;15407;30835;5689;27347
02-Apr-22;2571;12289;15141;28752;4571;11567;11856;3646;48013;12576;13139;6017
03-Apr-22;35218;42631;23228;26750;34301;9650;27395;42630;920;42160;35912;35145
04-Apr-22;36172;21395;38730;11356;45380;26966;5348;4467;20084;23681;36889;46122
05-Apr-22;7257;47329;36346;44703;47546;33653;4529;3129;17455;4816;17226;12033
06-Apr-22;19899;5355;15259;37184;28529;23530;2972;20106;17441;37459;12973;42035
07-Apr-22;31017;16145;16482;48479;42175;24320;9876;12918;37884;31778;6035;22366
08-Apr-22;2874;9868;46588;15927;3719;31173;41161;6617;2564;17524;28312;8721
09-Apr-22;1703;33689;27233;43410;6149;17020;30993;25536;2678;17527;45177;8403
10-Apr-22;12266;4094;2794;14039;22589;8585;11727;9545;42867;9224;12960;30399
11-Apr-22;44171;21351;4689;38136;1721;3142;28425;41237;8426;1068;39461;32540
12-Apr-22;38363;26821;30654;8211;1944;39494;38216;17320;4154;49015;6404;15182
13-Apr-22;22829;4844;22354;10808;245;33529;28892;18465;32267;8495;35172;11269
14-Apr-22;28213;1242;14108;6045;6421;9432;2993;15077;27616;49044;29258;43030
15-Apr-22;31141;29677;38409;1806;4407;129;43264;35734;8912;10896;1299;41340
16-Apr-22;8328;38352;29832;18602;12021;28204;8100;42132;32662;19102;34683;16676
17-Apr-22;18376;22662;3398;34698;1632;45218;2731;38577;10992;37680;24763;44753
18-Apr-22;17926;8573;45218;23614;14252;43006;30032;28195;43917;47024;36481;10999
19-Apr-22;36853;3096;1126;4584;425;36352;18887;2335;15058;5084;46650;10671
20-Apr-22;43977;8930;17221;20147;15359;15039;17165;30926;22176;30514;7415;17034
21-Apr-22;35374;43786;22837;48139;991;21491;33001;10367;1604;15280;47679;28758
22-Apr-22;43443;39669;8309;33136;30069;2649;15601;47657;49140;10521;38389;32317
23-Apr-22;11071;18129;36428;36536;8151;43912;32948;4207;45631;29610;24618;38342
24-Apr-22;30576;37127;27770;4169;29866;27360;15083;11675;24769;24649;17781;103
25-Apr-22;22451;36638;26501;26700;20977;34543;42231;1169;17826;25663;42606;26673
26-Apr-22;19284;13863;31697;32273;34322;1404;14281;16687;19076;9844;32811;10124
27-Apr-22;44971;14729;8346;41276;15041;38067;1814;35590;29469;29764;6756;15459
28-Apr-22;31336;11364;36957;5518;3271;971;30125;18626;6259;44340;9220;6200
29-Apr-22;15049;41630;45212;28582;17071;5176;25569;40595;7273;13421;29217;14207
30-Apr-22;3198;27949;49796;12900;36763;22260;34306;19670;38258;33427;19577;14762
01-Mei-22;7769;6995;17768;19850;1612;43644;34336;6619;31083;1417;35173;44772
02-Mei-22;32424;46141;46530;47909;15334;37680;44585;45133;6009;43887;29721;15193
03-Mei-22;3771;18171;4923;27025;8586;4640;46537;13118;22462;3506;19419;26961
04-Mei-22;1304;21321;5706;4675;47089;4407;23587;46383;41730;8118;7094;37349
05-Mei-22;22398;14383;42073;42024;2489;45918;12547;17316;26025;31068;22247;41584
06-Mei-22;28797;22080;30458;20868;27184;21126;13074;45998;3947;25864;37227;23647
07-Mei-22;45841;11060;39912;2897;28610;23106;6699;19864;36594;27884;4911;20970
08-Mei-22;20743;4979;24540;48610;13767;1432;11093;28788;11272;36770;41936;28207
09-Mei-22;42444;35096;43197;2945;2922;5838;32;35490;7195;43028;35335;15783
10-Mei-22;39400;19355;9423;34645;47931;8411;12993;43259;40048;8853;6733;30073
11-Mei-22;18506;46444;21213;13796;14321;43582;13789;31668;13337;38523;4845;28100
12-Mei-22;13909;5028;43429;818;45664;34823;31457;19284;21328;23897;6143;23536
13-Mei-22;32112;30622;4135;17364;39938;13836;5281;15473;4577;5691;26918;30537
14-Mei-22;24111;19914;29999;1375;17679;28432;17529;10081;5246;21913;29301;28354
15-Mei-22;414;48466;37757;3095;6562;2501;6881;24317;28292;11276;49240;17451
16-Mei-22;18982;9275;26406;37664;13367;33306;45386;36976;6182;37934;29654;28432
17-Mei-22;10396;25635;11159;48136;24452;48704;17483;43755;15116;12126;26344;3504
18-Mei-22;5872;40779;48734;20076;23842;10597;21193;31180;44281;19775;15971;24328
19-Mei-22;24501;44266;47694;13440;43414;1399;30295;46820;2639;5365;41715;690
20-Mei-22;22425;28142;9911;49940;32638;23994;44409;1697;45490;44713;2006;26752
21-Mei-22;2340;37487;12099;44202;16722;46203;23203;38710;20664;27585;14459;12905
22-Mei-22;24750;5761;21722;29714;39706;15155;44176;8061;22998;37089;23321;13905
23-Mei-22;40824;28775;19931;23454;47428;14533;22557;11803;2909;22088;49930;44522
24-Mei-22;1713;40527;37260;15680;45841;18372;10021;48743;34546;32522;34180;1133
25-Mei-22;39849;16924;31104;2127;16530;37223;39191;36283;47857;22946;1059;49202
26-Mei-22;20833;16745;2012;8120;25919;47581;48451;26574;27895;29561;5800;38761
27-Mei-22;13208;15916;29210;1548;39660;10331;19952;9309;14678;25920;33925;13786
28-Mei-22;5646;6322;28642;21669;20773;31467;8113;3637;24979;31347;1225;14841
29-Mei-22;15544;43261;37787;46319;44560;39496;6114;11811;30951;15470;30888;27344
30-Mei-22;10981;5700;171;2746;27250;44523;18747;9601;9313;41039;28342;21978
31-Mei-22;30862;13066;38532;13744;33147;33937;42697;46999;24933;46577;16052;37217
01-Jun-22;47215;26137;48860;6538;42598;5993;18685;5412;23155;7722;29211;39402
02-Jun-22;41891;1477;24036;38991;4572;18743;48589;22601;24000;938;12206;5985
03-Jun-22;33698;44724;14380;35767;19977;26140;41321;41889;5456;15512;23398;14512
04-Jun-22;43012;44597;34604;49198;7559;24578;39025;36783;13782;18617;37160;42810
05-Jun-22;14970;32827;36166;41027;40094;43194;38090;4071;31139;1356;33820;38677
06-Jun-22;3656;44624;16109;43873;18180;40945;37952;17591;14189;26829;27302;17657
07-Jun-22;41581;8244;37052;33210;20302;18527;35747;48945;37971;25975;5903;30491
08-Jun-22;8111;39072;48037;19086;13888;38097;47286;17840;43435;20669;4555;26945
09-Jun-22;43723;409;23916;37713;4511;37379;35720;17312;8376;6605;36708;9276
10-Jun-22;5962;47525;48369;16521;23584;6768;41559;26456;20987;17370;12704;15240
11-Jun-22;14445;22821;15633;3985;24250;31302;2976;46951;22068;38317;33216;12039
12-Jun-22;18393;36368;8286;31563;28101;35288;20687;38900;16741;14633;5990;3544
13-Jun-22;36449;39903;1361;8768;28986;10214;15299;18375;42579;49474;15172;12693
14-Jun-22;17369;46956;10330;20002;48257;9947;9226;22305;27702;35427;34284;26591
15-Jun-22;840;27766;26771;42997;11852;37011;49980;1423;31930;8794;35940;26872
16-Jun-22;20637;37981;5673;2836;1889;11342;19008;32123;23054;35587;3434;19255
17-Jun-22;43561;29023;21948;45963;10982;40253;3095;32204;49703;43947;35712;34693
18-Jun-22;40994;11258;39423;19042;35150;12385;39166;15362;2557;46131;18777;47229
19-Jun-22;46656;19176;10379;15437;26781;19611;17888;1601;31483;35286;11946;48214
20-Jun-22;15413;15596;47490;25319;40114;47914;28509;20350;47781;46080;48803;978
21-Jun-22;9174;20716;10052;12575;37559;46899;6718;34805;27857;21201;22719;30204
22-Jun-22;42023;4941;27739;24509;10287;11449;10694;38636;20652;43052;30902;18099
23-Jun-22;3547;38346;11685;32882;10064;28188;39182;9784;28323;45766;38239;13205
24-Jun-22;43048;12023;25298;31295;43900;29067;47865;39364;38807;21848;40081;12232
25-Jun-22;5060;1248;1512;41521;31775;13933;37800;27121;46878;12730;17068;31346
26-Jun-22;21555;41030;19297;1647;45952;678;9373;35589;27656;37369;16996;35750
27-Jun-22;39355;29118;32356;8950;8906;23547;44839;18777;18872;20035;47244;22651
28-Jun-22;6908;5777;25164;21993;5588;2685;44355;40925;37050;26489;181;30404
29-Jun-22;30701;40375;32283;4808;49478;23020;30950;21519;19779;31675;28326;5674
30-Jun-22;28778;36168;41918;16710;24033;21386;47251;9795;6033;15108;42429;30302
01-Jul-22;6973;49247;29485;39305;41167;14935;38478;39041;34978;48839;43282;25503
02-Jul-22;3912;5113;4064;25760;32850;22205;36463;15092;31473;31807;3382;19074
03-Jul-22;5693;38094;7138;28208;14220;46726;40397;13866;27962;38873;37782;46905
04-Jul-22;29179;2244;3853;35929;10355;9591;43778;31938;13365;44584;5680;12568
05-Jul-22;7673;31845;38237;15930;21774;15749;34259;13193;21802;5683;16916;276
06-Jul-22;28136;45614;21814;28326;48221;28443;10216;37917;14066;318;251;30642
07-Jul-22;33567;24110;40054;48211;8034;36857;10411;43088;18049;4553;36433;19429
08-Jul-22;46385;45254;17680;30052;39640;18669;36210;41647;49538;29912;23979;46513
09-Jul-22;29546;19393;28473;30132;30400;20393;47897;10469;17171;6592;42020;19649
10-Jul-22;45199;27905;22659;37611;43825;49317;27116;4810;40468;24250;31956;47066
11-Jul-22;46854;48468;39754;9485;29526;7121;13278;34655;4245;47417;40040;26276
12-Jul-22;16913;9614;34194;9556;42911;44288;25552;8605;16568;5565;13807;32713
13-Jul-22;6981;8831;1148;8325;44598;21333;5766;32941;36820;23959;33063;38545
14-Jul-22;39997;27258;41874;6424;5220;28708;19785;22072;24169;46599;43547;48447
15-Jul-22;23532;32176;16032;7506;41201;7600;7635;48507;46837;49713;6675;31762
16-Jul-22;21147;23541;11696;42427;1930;4733;25031;1730;32500;31187;45612;37117
17-Jul-22;9081;37721;37699;16677;49756;18235;26639;2297;3643;785;41201;29995
18-Jul-22;47708;48586;45638;22869;46011;9466;35241;48679;43175;12250;35387;45265
19-Jul-22;13703;14405;40871;1787;10645;3842;45594;31515;30129;34805;2231;10661
20-Jul-22;47468;38938;11821;28079;20149;16625;33073;13547;44295;2343;17866;13559
21-Jul-22;26347;9259;30283;24864;23667;46336;39822;6604;26535;33600;7869;2030
22-Jul-22;3016;15190;33998;3819;25059;43332;46500;40525;10225;40437;26601;47929
23-Jul-22;27621;33873;48736;44905;34955;25211;1862;34036;49032;43121;36148;632
24-Jul-22;16761;14408;44573;7546;40516;38546;32014;707;8460;31415;3041;15361
25-Jul-22;36596;40408;49535;18634;12561;31063;7544;33095;33777;23470;45782;25814
26-Jul-22;16465;30948;2935;10373;18551;29991;47671;29069;42118;16854;46934;1172
27-Jul-22;18213;41115;17918;10013;32375;15911;40054;47671;49097;11314;48474;49166
28-Jul-22;5631;12726;41113;47958;29540;36323;48776;38342;9108;2011;13979;16815
29-Jul-22;7808;48134;41051;23829;35890;24604;49444;48242;7138;4406;24428;11398
30-Jul-22;6841;19627;47193;44591;32515;7806;20029;24477;27826;7354;17950;34657
31-Jul-22;31390;20538;19944;43076;39563;26270;21653;27703;41657;46859;1278;3436
01-Agu-22;47408;3116;15551;7000;22045;24773;4703;43272;23937;19025;44072;42376
02-Agu-22;2181;12600;13021;5674;30493;8359;5910;8960;23473;29458;42728;9553
03-Agu-22;28604;31402;37111;18083;4377;9208;7867;3594;18384;13792;18937;38212
04-Agu-22;13423;18169;30790;23854;10812;9833;17118;48710;3182;3260;43860;26998
05-Agu-22;43123;25041;8674;11045;14677;33832;37704;4495;46557;49711;19177;27515
06-Agu-22;40051;27071;10803;21216;2119;40926;3123;43239;43427;49186;35341;10761
07-Agu-22;15646;41132;41303;2157;17211;4478;22059;22160;18097;29419;36148;22323
08-Agu-22;33480;3051;13593;3090;29269;49632;26602;36298;7814;11321;37890;27161
09-Agu-22;42877;36267;37861;12523;30996;38951;9291;14607;49279;48376;18345;41706
10-Agu-22;5240;19614;38247;16325;30694;24560;26588;12730;8046;11384;32561;3033
11-Agu-22;18889;28259;40399;46860;35997;2064;43082;45363;12621;26715;833;39186
12-Agu-22;17790;26610;15384;35609;6279;26252;13265;47977;19429;48954;23626;43313
13-Agu-22;35939;25015;43443;37184;27063;20105;10945;9132;6850;1757;41697;3746
14-Agu-22;2836;3005;22025;6665;46985;20627;40881;18609;10043;20085;37250;20289
15-Agu-22;18983;7295;19253;49405;44609;3745;30291;45672;21612;40189;46353;29384
16-Agu-22;5965;38927;44480;48775;39069;14375;45314;43127;32886;44937;12922;15354
17-Agu-22;33288;31957;48161;26672;24369;29717;15940;28883;15074;14031;34627;49785
18-Agu-22;27228;23713;38132;42739;32256;12029;7508;5971;9516;36498;14455;41260
19-Agu-22;43452;3602;19755;22329;27696;35933;18639;46981;17132;2798;40059;47673
20-Agu-22;44238;12521;30199;37723;5753;25520;17883;28153;23482;14054;13948;20344
21-Agu-22;36233;1819;33202;9183;17143;45757;42305;17353;39164;22248;7486;26761
22-Agu-22;8338;40524;25369;2746;16560;36209;8711;11537;36365;42984;46014;11897
23-Agu-22;36631;27779;36240;4396;42945;32638;48267;18248;28318;43674;950;7022
24-Agu-22;31385;49561;24607;36514;27640;3018;19705;5385;31616;49138;6287;35950
25-Agu-22;44195;27175;14765;23548;16388;42682;31969;44601;5515;8263;2534;31302
26-Agu-22;9197;16548;4190;31030;22244;2930;36010;608;19942;12882;17024;15516
27-Agu-22;42560;7639;36567;43568;22056;42692;31447;24166;47236;32181;13655;3960
28-Agu-22;37084;12151;20864;14245;1881;17792;18984;43023;3040;46882;48088;9203
29-Agu-22;47185;18570;16302;18757;24955;42009;6422;19806;8914;48105;38858;2801
30-Agu-22;26645;23899;16045;42765;28954;33023;48393;8475;21608;7483;12342;1283
31-Agu-22;35862;2212;31576;39103;38794;42881;45370;39659;696;14468;525;46809
01-Sep-22;46767;31641;21113;11045;861;28627;41150;25966;30634;11093;23477;43495
02-Sep-22;27443;39116;12563;27393;8252;38771;24987;24870;15581;9659;27087;19371
03-Sep-22;20166;28883;47752;22500;1256;6570;38105;35467;12243;22121;44604;32619
04-Sep-22;31485;49381;19044;35155;47662;886;44098;33975;15253;29859;40998;42717
05-Sep-22;8848;22059;13466;9385;31825;15809;11690;24933;16775;20724;872;30701
06-Sep-22;729;261;6063;18960;8992;37374;3843;9580;43488;43834;36728;11413
07-Sep-22;16896;23402;44134;42974;20444;37556;19737;3689;24906;1519;14264;10661
08-Sep-22;8519;41362;19093;47192;11146;29975;49210;25188;30794;4689;2002;21727
09-Sep-22;38508;10494;26906;47743;40144;10699;14865;34253;26955;12616;29312;48673
10-Sep-22;2283;43134;42230;26862;32822;32914;35829;17679;14895;44122;29062;42360
11-Sep-22;28813;20909;30297;36150;45252;30421;29744;40358;32372;20119;49708;34889
12-Sep-22;40429;5519;40676;25282;43814;31604;36123;1866;1037;15753;39068;4667
13-Sep-22;15020;17815;11730;28434;49247;23491;36004;21175;49396;39601;17787;48258
14-Sep-22;33082;27663;5047;20520;32822;18548;31636;3360;41619;38102;43852;41454
15-Sep-22;31184;182;20494;25917;33791;6847;11404;24763;20506;5733;37524;35290
16-Sep-22;36804;41947;12142;46936;47106;12748;21004;14328;11910;39599;4043;21819
17-Sep-22;4277;35600;40131;8596;37630;36360;6967;15062;14488;8309;40998;44455
18-Sep-22;47778;11797;44163;31545;41832;1984;14836;47703;32872;31812;42036;2755
19-Sep-22;12640;19987;1427;43073;31654;43346;39154;4305;14912;40299;3164;42684
20-Sep-22;31357;40502;10256;36900;17617;21373;20071;22317;42972;35346;27302;49094
21-Sep-22;46230;8180;48158;46110;37387;2954;15448;685;14258;18421;30608;27742
22-Sep-22;13903;23746;33002;23392;43326;33096;120;39939;1115;28566;39340;37083
23-Sep-22;34025;4018;23480;39255;26861;25428;19805;49758;27779;18419;42505;20768
24-Sep-22;30289;15;10540;6497;38772;22725;2477;17329;44744;15897;48593;36288
25-Sep-22;21141;1366;24210;13276;13000;37720;5770;2897;44572;32413;42645;24553
26-Sep-22;37009;45912;28954;37815;44218;2016;5236;30367;22781;45198;42096;38787
27-Sep-22;22518;27208;18804;28436;44742;16738;42268;28225;243;35939;16333;31266
28-Sep-22;40449;12237;22121;33074;18112;47856;47626;39490;25196;33189;46211;5385
29-Sep-22;12664;25492;11202;5763;47939;2543;20964;44349;17190;37996;49600;17263
30-Sep-22;44956;46379;18579;22435;71;28057;15502;46957;7137;37319;26907;30695
01-Okt-22;14216;3817;48083;49132;19879;38338;8169;43586;26995;31960;17250;26803
02-Okt-22;17985;11337;21660;17019;10953;33520;2121;35488;15029;10887;24804;45292
03-Okt-22;26113;47437;34168;42304;589;36718;2990;39806;49727;1273;31499;16441
04-Okt-22;47110;45407;14779;35482;31312;45870;28226;10630;49050;28564;20453;11477
05-Okt-22;35288;44299;26084;31015;27519;11708;12479;33159;4800;11523;46591;518
06-Okt-22;33610;46160;32838;38528;25058;26823;26006;23140;37670;7887;49210;14151
07-Okt-22;7194;26024;17287;42169;21107;44446;9994;33957;38667;5354;23753;33968
08-Okt-22;1266;22223;11609;31771;10074;5296;49211;35602;6823;47633;21848;28808
09-Okt-22;46217;49120;27140;28890;41502;48852;33436;44834;13728;37408;40621;10025
10-Okt-22;35489;37151;23787;17580;8372;49045;32822;37687;8438;22783;36347;22696
11-Okt-22;49758;32946;24826;12763;491;11991;31877;7170;31031;49743;19786;46725
12-Okt-22;20823;7298;7780;45181;29915;26822;2887;14427;19281;34785;8842;45892
13-Okt-22;27054;35273;38891;47149;44882;36590;35461;38818;8777;23046;12617;44787
14-Okt-22;29266;19926;8171;14702;6320;1369;49976;38714;28873;31571;41328;30041
15-Okt-22;35133;15733;10458;47886;35627;20333;4587;5115;8593;33832;42951;37578
16-Okt-22;9912;20185;25204;7566;33961;31843;21216;17000;38272;20731;24560;13692
17-Okt-22;21057;11779;10828;134;20215;27131;14684;6750;43006;12934;41331;36401
18-Okt-22;47662;40457;18658;29454;41263;13512;19376;11043;38855;9867;11348;13973
19-Okt-22;45582;28442;2977;43714;1444;13475;49127;6431;3640;34163;3751;28708
20-Okt-22;7358;24118;31410;7034;33464;12549;33703;27515;29233;34050;19617;45247
21-Okt-22;39180;41492;33188;6658;12643;11029;11091;15379;42761;35368;12918;66
22-Okt-22;48454;31608;44694;21346;35518;30122;48426;15809;1974;35897;21010;49514
23-Okt-22;33730;23806;33829;2104;20493;13842;27001;20994;10443;45800;43802;45402
24-Okt-22;35437;884;21191;23183;349;3489;40152;15261;35628;31958;32865;19461
25-Okt-22;31528;11079;23922;1417;18011;42274;8809;7439;6808;28126;28631;28166
26-Okt-22;9657;22903;19508;29597;42631;18423;35773;34963;23483;34256;6119;46643
27-Okt-22;43440;35742;31360;33167;21356;22359;49150;48380;13111;40019;24312;41014
28-Okt-22;40178;23342;48465;49146;48445;28657;31710;25768;31510;44533;42076;3516
29-Okt-22;46404;46000;40270;7611;19344;29125;12712;11049;47449;18415;5893;4019
30-Okt-22;45203;23471;11757;8058;28642;43738;49197;36367;30741;38976;38420;18325
31-Okt-22;45652;16001;18419;1452;14415;36030;4558;41719;23942;25827;36827;15553
01-Nov-22;41843;41841;34231;48143;13142;771;2308;24199;27454;1685;6194;24241
02-Nov-22;2428;5531;417;16721;22774;16597;25957;4213;12977;19826;5889;31912
03-Nov-22;33697;31330;7921;14916;1855;44724;40761;30791;18078;7701;43821;41619
04-Nov-22;32618;34551;47635;329;29938;25319;20268;27649;4221;31884;30029;7483
05-Nov-22;28561;48755;5745;2029;6214;13752;10364;46258;7939;18905;18120;42735
06-Nov-22;21366;38297;23246;14610;15924;4699;8255;35302;41226;47717;11008;9655
07-Nov-22;25585;5462;21087;47058;3011;26989;2421;21438;31185;24537;1768;24473
08-Nov-22;41663;6887;25104;21748;14357;11180;21197;27074;44965;10381;48752;4315
09-Nov-22;23209;27027;25174;30654;45609;38842;44708;1043;37414;44133;36210;48647
10-Nov-22;34136;30462;32421;49838;38322;32824;37469;41262;12640;28486;7577;37466
11-Nov-22;37873;1696;11459;14962;28611;40385;33676;19648;4693;35023;42899;4273
12-Nov-22;13675;757;30794;41573;21240;23297;21873;43165;16207;24232;7454;36173
13-Nov-22;26330;3415;48239;10082;29953;6867;40611;40614;13230;40386;10659;39512
14-Nov-22;16255;10140;18334;25038;22345;13315;5348;30161;18507;35145;43030;10243
15-Nov-22;33642;8712;36973;22589;3127;22495;339;15316;43072;31792;3961;21789
16-Nov-22;15001;6483;20778;31840;18721;24211;19409;31120;49822;45355;11619;33880
17-Nov-22;29237;5746;46944;5093;4720;38702;45318;49039;19730;25873;3609;12184
18-Nov-22;748;49987;2911;1823;47449;47301;23702;35788;11774;20881;2603;12099
19-Nov-22;34844;8175;39137;4873;47189;16685;6610;27136;37322;8450;49209;24846
20-Nov-22;23117;26910;19895;36711;29385;8546;45402;43107;2811;14207;23770;14614
21-Nov-22;21304;49296;13400;41850;43056;11426;21661;27408;1586;10055;7703;26417
22-Nov-22;35032;46472;6461;11893;2386;24563;8189;23687;28662;26536;22234;26643
23-Nov-22;28713;40488;21024;48660;27863;36257;43935;5380;5620;11580;12507;46581
24-Nov-22;3626;2377;27559;3326;32342;39685;29099;16162;20303;11404;8653;8393
25-Nov-22;8894;47146;33426;16857;32547;11140;5980;38130;1366;23579;45082;44690
26-Nov-22;28320;569;10888;13269;21829;14948;41447;43165;4585;31318;37092;29280
27-Nov-22;37219;3748;20698;37974;12170;6098;11672;27227;8127;4073;46912;33935
28-Nov-22;43282;7868;11491;6620;49294;20435;37751;7515;37416;30706;18455;2664
29-Nov-22;4677;29014;22199;13168;24338;43840;4833;9073;36215;31611;49431;47884
30-Nov-22;29271;33721;25111;39762;31026;6488;39071;40020;44286;13163;37046;31116
01-Des-22;9959;36790;30978;36760;23473;24927;27577;15381;7496;6227;18159;38661
02-Des-22;47996;47938;46015;44104;41133;1950;8889;43700;21713;46371;28395;37055
03-Des-22;20672;3829;26418;37903;30790;6958;27897;39342;11756;26038;1176;9201
04-Des-22;38012;41221;49535;39548;35191;11681;21447;30223;24998;657;42450;28141
05-Des-22;30064;15027;6475;30254;39920;28225;25032;402;4110;6780;45404;43082
06-Des-22;10459;14803;1062;19709;30561;37036;857;26798;30594;34827;48013;19412
07-Des-22;17156;509;30673;45002;39727;45235;1574;889;17619;1351;16304;15823
08-Des-22;42058;3664;34730;33108;48154;1342;14192;1452;40744;42741;47938;3172
09-Des-22;25877;42245;5183;10182;19407;2861;21341;18950;25774;17873;23329;6484
10-Des-22;49323;34239;20816;10259;16993;19203;19706;16183;34612;25690;18205;18474
11-Des-22;2442;34647;41422;36539;26891;20404;28218;21452;17397;23851;28476;20886
12-Des-22;7178;2990;31221;3922;1598;14677;39416;5517;21402;47575;48050;9229
13-Des-22;1292;28286;25022;28218;40181;30198;25768;33277;25506;39126;43826;33902
14-Des-22;21887;40959;13271;38602;27206;25412;31431;13004;24681;28058;8920;45748
15-Des-22;17184;17405;45176;35247;33544;8083;16674;9033;35635;41273;46770;24271
16-Des-22;45916;36590;6558;40976;28711;27824;39389;4016;28760;27278;12968;8942
17-Des-22;31715;24914;4681;48666;37328;18318;19041;20817;28536;13166;44668;17056
18-Des-22;2087;33459;16332;23802;49023;40379;39247;29516;27177;28036;19330;12401
19-Des-22;9727;48218;43018;492;36950;38883;37597;17895;34131;13352;44612;3579
20-Des-22;34870;5549;16881;28977;43724;25630;37931;11833;6739;21373;5226;19654
21-Des-22;15602;42852;26286;16725;376;19328;28741;7964;38032;34520;5314;26446
22-Des-22;2712;5352;18063;31590;11076;22188;28515;2224;2605;24402;30700;13048
23-Des-22;43860;33198;28720;37285;17754;17253;14930;4515;31320;38566;32679;19825
24-Des-22;45037;11747;6662;570;47878;46417;23732;49049;43361;42542;9545;37481
25-Des-22;24281;12801;18408;16129;18100;6409;34732;20348;34570;42059;13470;6664
26-Des-22;7975;37762;10424;18914;15471;47164;24327;12323;9953;17527;12642;49849
27-Des-22;468;1310;7534;26940;45848;46643;71;4789;9742;19261;39570;6468
28-Des-22;46712;24441;15821;49978;15398;24274;16525;16851;395;33193;39528;48589
29-Des-22;36041;37130;24563;29952;36917;28665;16199;22345;5180;35533;20112;27918
30-Des-22;12265;33256;42325;47308;32698;10662;25290;42534;47905;20846;21440;10136
31-Des-22;9268;32095;13402;8178;3722;48977;48016;5501;39325;36133;23457;48165
01-Jan-23;6672;44930;48442;14666;13621;9504;9557;27862;47194;27637;30342;34292
02-Jan-23;33119;39343;38958;39139;48778;32456;49745;21395;27402;31975;28541;45384
03-Jan-23;6513;26575;37497;20976;32854;17182;5767;43833;29830;33188;13582;3596
04-Jan-23;35800;29290;44207;42011;38134;7138;18183;5663;33161;14819;25565;32633
05-Jan-23;4578;29880;33679;30240;37193;33853;928;15702;17594;46640;21790;27216
06-Jan-23;43872;2225;37299;30136;30094;30872;1521;42199;23460;3560;38639;15075
07-Jan-23;5402;3745;45920;14474;44304;40618;33447;40229;34500;11873;32133;23144
08-Jan-23;25519;36149;16067;12851;18119;31592;27093;26151;30270;46488;26340;37629
09-Jan-23;31175;37;33833;21477;25310;1048;44940;18605;13411;7793;45378;24791
10-Jan-23;29828;46857;47517;11064;47115;30552;16680;44706;13717;629;41139;48993
11-Jan-23;27686;19663;4920;22112;11499;39959;38440;7271;45735;137;42718;24783
12-Jan-23;29123;32179;22042;7727;44483;12949;31870;34388;21876;43656;3477;44911
13-Jan-23;37470;39282;45726;36229;40883;40723;21515;25584;42521;7974;10084;27233
14-Jan-23;5385;35061;31646;20760;31383;14742;2976;17081;18364;36890;22184;47554
15-Jan-23;31788;38173;18080;19921;29686;48052;22626;17079;25523;41109;16602;7469
16-Jan-23;18225;13958;9659;37645;44800;3147;25126;28154;44614;6260;13140;27551
17-Jan-23;5991;25359;22214;46441;1930;14379;3440;3693;34294;40163;3118;29576
18-Jan-23;35178;1523;7341;45194;31454;5659;22940;8910;18133;6439;15619;30080
19-Jan-23;42784;30001;33027;29387;39848;49000;38304;39342;32432;41346;39605;25021
20-Jan-23;48958;35025;39559;29468;11542;14981;38260;41000;22956;7549;26370;46041
21-Jan-23;34136;6712;48864;30524;3337;23041;27894;48217;8576;5003;37586;12282
22-Jan-23;638;40390;12078;38169;7814;38345;15678;30273;26201;12773;16538;27096
23-Jan-23;7063;32010;49828;15217;18108;45937;31752;7090;18298;17561;2678;11328
24-Jan-23;47461;31383;31582;8035;25579;17108;45067;28033;40915;17878;14986;47974
25-Jan-23;29333;12885;42247;34390;17047;6012;20808;49244;5744;45387;37134;42983
26-Jan-23;38765;44298;18935;8010;36206;26785;13597;12776;12644;16884;17466;40012
27-Jan-23;38417;2958;49395;6426;42749;47634;32916;23548;45155;27483;520;1628
28-Jan-23;46326;37049;40628;10530;1827;22789;30706;28345;13000;19399;36393;26735
29-Jan-23;40562;40131;28617;10567;47355;37385;47892;6503;29636;45051;25964;30614
30-Jan-23;9187;21553;43908;34581;24568;35347;16430;1753;3546;35411;49115;38055
31-Jan-23;23356;15945;46801;24723;32523;39875;47687;33755;42490;37181;20950;31604
01-Feb-23;16472;43435;4685;7439;22438;23812;39947;30295;14379;30320;36609;3808
02-Feb-23;33617;2737;19738;25557;33747;4331;14037;26004;14729;40847;3876;36037
03-Feb-23;36501;37436;37838;34702;10198;619;13819;45346;13884;41647;3133;35969
04-Feb-23;47247;43332;37965;36725;47855;37820;44509;10037;35946;13206;21409;12642
05-Feb-23;12184;44892;31369;20416;9733;46186;1417;25823;20323;11853;9538;36897
06-Feb-23;244;16973;43261;35498;30208;25266;48679;38990;30308;36826;47907;44609
07-Feb-23;18969;35856;30958;863;45520;7797;17507;35012;465;30466;5516;18221
08-Feb-23;28138;6660;28506;42594;22876;37172;30088;17230;13355;27543;28509;39756
09-Feb-23;10534;41774;22179;45834;17018;39341;34229;44969;47184;12119;47632;47399
10-Feb-23;7364;22241;20180;15820;28110;2622;44271;13007;8966;30194;15054;47562
11-Feb-23;8675;48257;24017;19155;23395;21877;44278;36509;43994;47824;914;24944
12-Feb-23;11665;9111;46283;35213;45101;34831;4068;47955;40224;30099;21818;14583
13-Feb-23;49773;32097;42710;34369;38892;11837;31644;39344;23940;28945;19062;47610
14-Feb-23;23302;7026;21228;49715;2877;20574;40057;37250;22127;21773;43347;4948
15-Feb-23;16221;15148;37739;36193;4207;14965;23592;7723;30447;40164;532;3168
16-Feb-23;42746;2102;37981;39718;8183;48995;37595;12677;48815;30052;9120;42132
17-Feb-23;47171;5255;29011;36689;17751;12346;39739;38049;43552;7358;25997;5793
18-Feb-23;15371;37420;18825;3902;31172;34332;12612;31675;13586;39732;32380;44564
19-Feb-23;18777;29398;45811;46028;29777;16958;26401;33802;14871;20915;19765;6112
20-Feb-23;21776;16925;19972;6931;47612;23748;24566;12201;39021;39131;25152;32072
21-Feb-23;20475;8339;35229;22091;20918;47852;5602;10892;7317;23921;17406;12494
22-Feb-23;35715;22273;28319;28793;14127;39586;16844;32026;30226;25583;25833;38572
